atr_5m_source_end,availability,contract,cost_distance,cost_to_atr_1m,cost_to_atr_5m,cost_to_initial_risk,cost_to_raw_training_target,cost_to_scaled_target,date,direction,execution_rejections,initial_risk_distance,kind,minimum_capital_and_equity,month,raw_training_target_space,required_by_limit,scale_time,scaled_target_space,setup_end,terminal_action,terminal_reason,terminal_time,touch_event,variant
,execution_parameters_unavailable,ps2609.GFEX,,,,,,,2026-07-01,LONG,"[""exact_previous_parameter_missing""]",,confirmed_breakout,,2026-07,,,2026-07-01T11:18:00+08:00,,2026-07-01T11:18:00+08:00,cancelled,confirmation_failed,2026-07-01T11:19:00+08:00,2026-07-01T11:17:00+08:00,bucket_confirmation
2026-07-02T09:45:00+08:00,known_signal_time_parameters,PR609.CZCE,4.3231,0.43908460058458776,0.17045041035167874,0.36025833333333335,0.19650454545454546,0.19650454545454546,2026-07-02,SHORT,,12,confirmed_breakout,122423.25,2026-07,22,"{""single_trade_risk"": 122423.25, ""portfolio_risk"": 24484.649999999998, ""group_risk"": 48969.299999999996, ""margin"": 32310.0, ""group_margin"": 64620.0}",2026-07-02T09:47:00+08:00,22,2026-07-02T09:47:00+08:00,cancelled,confirmation_failed,2026-07-02T09:48:00+08:00,,bucket_confirmation
2026-07-02T09:50:00+08:00,known_signal_time_parameters,PR609.CZCE,4.3231,0.4719781317025936,0.17711586423927064,0.36025833333333335,0.19650454545454546,0.19650454545454546,2026-07-02,SHORT,,12,confirmed_pullback,122423.25,2026-07,22,"{""single_trade_risk"": 122423.25, ""portfolio_risk"": 24484.649999999998, ""group_risk"": 48969.299999999996, ""margin"": 32310.0, ""group_margin"": 64620.0}",2026-07-02T09:52:00+08:00,22,2026-07-02T09:52:00+08:00,confirmed,next_close,2026-07-02T09:53:00+08:00,2026-07-02T09:51:00+08:00,bucket_confirmation
2026-07-02T11:10:00+08:00,known_signal_time_parameters,PR609.CZCE,4.3217,0.5741607648111438,0.19343809265111378,0.36014166666666664,0.19644090909090908,0.19644090909090908,2026-07-02,SHORT,,12,confirmed_breakout,122412.75,2026-07,22,"{""single_trade_risk"": 122412.75, ""portfolio_risk"": 24482.55, ""group_risk"": 48965.1, ""margin"": 32170.0, ""group_margin"": 64340.0}",2026-07-02T11:13:00+08:00,22,2026-07-02T11:13:00+08:00,cancelled,execution_filters,2026-07-02T11:14:00+08:00,,bucket_confirmation
2026-07-02T13:35:00+08:00,known_signal_time_parameters,PR609.CZCE,4.3209,0.5402025308854166,0.2144311361043176,0.360075,0.19640454545454544,0.19640454545454544,2026-07-02,SHORT,,12,confirmed_pullback,122406.75,2026-07,22,"{""single_trade_risk"": 122406.75, ""portfolio_risk"": 24481.35, ""group_risk"": 48962.7, ""margin"": 32090.0, ""group_margin"": 64180.0}",2026-07-02T13:37:00+08:00,22,2026-07-02T13:37:00+08:00,cancelled,execution_filters,2026-07-02T13:38:00+08:00,2026-07-02T13:36:00+08:00,bucket_confirmation
2026-07-02T13:35:00+08:00,known_signal_time_parameters,PX609.CZCE,4.7296,0.3932226223908614,0.18007195498293344,0.3378285714285714,0.1819076923076923,0.1819076923076923,2026-07-02,SHORT,,14,confirmed_pullback,46824.0,2026-07,26,"{""single_trade_risk"": 46824.0, ""portfolio_risk"": 9364.8, ""group_risk"": 18729.6, ""margin"": 12160.0, ""group_margin"": 24320.0}",2026-07-02T13:37:00+08:00,26,2026-07-02T13:37:00+08:00,cancelled,execution_filters,2026-07-02T13:38:00+08:00,2026-07-02T13:36:00+08:00,bucket_confirmation
2026-07-02T13:45:00+08:00,known_signal_time_parameters,PX609.CZCE,4.729,0.37012946348990805,0.16408527573134357,0.3377857142857143,0.1818846153846154,0.1818846153846154,2026-07-02,SHORT,,14,confirmed_breakout,46822.5,2026-07,26,"{""single_trade_risk"": 46822.5, ""portfolio_risk"": 9364.5, ""group_risk"": 18729.0, ""margin"": 12150.0, ""group_margin"": 24300.0}",2026-07-02T13:46:00+08:00,26,2026-07-02T13:46:00+08:00,cancelled,confirmation_failed,2026-07-02T13:47:00+08:00,,bucket_confirmation
2026-07-02T14:00:00+08:00,known_signal_time_parameters,PR609.CZCE,4.3204,0.6199321917715147,0.2130072008113219,0.36003333333333337,0.19638181818181819,0.19638181818181819,2026-07-02,SHORT,,12,confirmed_breakout,122402.99999999999,2026-07,22,"{""single_trade_risk"": 122402.99999999999, ""portfolio_risk"": 24480.6, ""group_risk"": 48961.2, ""margin"": 32040.0, ""group_margin"": 64080.0}",2026-07-02T14:03:00+08:00,22,2026-07-02T14:03:00+08:00,cancelled,execution_filters,2026-07-02T14:04:00+08:00,2026-07-02T14:02:00+08:00,bucket_confirmation
2026-07-06T10:15:00+08:00,known_signal_time_parameters,T2609.CFFEX,0.0103,1.0838554328173076,0.5118817238969093,0.412,0.6866666666666666,0.2575,2026-07-06,LONG,,0.025,confirmed_breakout,176500.0,2026-07,0.015,"{""single_trade_risk"": 176500.0, ""portfolio_risk"": 35300.0, ""group_risk"": 70600.0, ""margin"": 72753.33333333334, ""group_margin"": 145506.6666666667}",2026-07-06T10:16:00+08:00,0.04,2026-07-06T10:16:00+08:00,cancelled,confirmation_failed,2026-07-06T10:17:00+08:00,,bucket_confirmation
2026-07-07T11:05:00+08:00,known_signal_time_parameters,CJ609.CZCE,11.2,1.544907326705693,0.6629395454966625,0.44799999999999995,0.5599999999999999,0.22399999999999998,2026-07-07,SHORT,,25,confirmed_breakout,90500.0,2026-07,20,"{""single_trade_risk"": 90500.0, ""portfolio_risk"": 18100.0, ""group_risk"": 36200.0, ""margin"": 10946.666666666668, ""group_margin"": 21893.333333333336}",2026-07-07T11:09:00+08:00,50,2026-07-07T11:09:00+08:00,cancelled,five_minute_boundary,2026-07-07T11:10:00+08:00,,bucket_confirmation
2026-07-07T11:25:00+08:00,known_signal_time_parameters,CJ609.CZCE,11.2,1.524599913188142,0.7114104312050961,0.44799999999999995,0.5599999999999999,0.22399999999999998,2026-07-07,SHORT,,25,confirmed_breakout,90500.0,2026-07,20,"{""single_trade_risk"": 90500.0, ""portfolio_risk"": 18100.0, ""group_risk"": 36200.0, ""margin"": 10933.333333333334, ""group_margin"": 21866.666666666668}",2026-07-07T11:29:00+08:00,50,2026-07-07T11:29:00+08:00,cancelled,five_minute_boundary,2026-07-07T11:30:00+08:00,2026-07-07T11:27:00+08:00,bucket_confirmation
2026-07-16T14:10:00+08:00,known_signal_time_parameters,IM2609.CFFEX,2.319258,0.19614425095020221,0.07700304656473564,0.1932715,0.1260466304347826,0.09663575,2026-07-16,SHORT,,12.0,confirmed_breakout,1431925.8,2026-07,18.400000000000002,"{""single_trade_risk"": 1431925.8, ""portfolio_risk"": 286385.16, ""group_risk"": 572770.32, ""margin"": 606880.0, ""group_margin"": 1213760.0}",2026-07-16T14:12:00+08:00,24.0,2026-07-16T14:12:00+08:00,confirmed,next_close,2026-07-16T14:13:00+08:00,2026-07-16T14:11:00+08:00,bucket_confirmation
2026-07-17T11:15:00+08:00,known_signal_time_parameters,TL2609.CFFEX,0.020300000000000002,1.1172796730991417,0.3841856291545262,0.406,0.5075000000000001,0.203,2026-07-17,LONG,,0.05,confirmed_breakout,351500.0,2026-07,0.04,"{""single_trade_risk"": 351500.0, ""portfolio_risk"": 70300.0, ""group_risk"": 140600.0, ""margin"": 132813.33333333337, ""group_margin"": 265626.66666666674}",2026-07-17T11:19:00+08:00,0.1,2026-07-17T11:19:00+08:00,cancelled,higher_invalid,2026-07-17T11:20:00+08:00,,bucket_confirmation
2026-07-17T13:30:00+08:00,known_signal_time_parameters,IF2609.CFFEX,1.5347050000000002,0.2044261982223558,0.0950258853051674,0.20193486842105265,0.22569191176470588,0.10096743421052633,2026-07-17,SHORT,,7.6000000000000005,confirmed_breakout,1370205.75,2026-07,6.800000000000001,"{""single_trade_risk"": 1370205.75, ""portfolio_risk"": 274041.15, ""group_risk"": 548082.3, ""margin"": 538200.0, ""group_margin"": 1076400.0}",2026-07-17T13:32:00+08:00,15.200000000000001,2026-07-17T13:32:00+08:00,cancelled,confirmation_failed,2026-07-17T13:33:00+08:00,,bucket_confirmation
2026-07-17T13:55:00+08:00,known_signal_time_parameters,ni2609.SHFE,26.0,0.20466353632580145,0.07749094952935756,0.2,0.17333333333333334,0.104,2026-07-17,SHORT,,130,confirmed_breakout,102920.0,2026-07,150,"{""single_trade_risk"": 78000.0, ""portfolio_risk"": 15600.0, ""group_risk"": 31200.0, ""margin"": 51460.0, ""group_margin"": 102920.0}",2026-07-17T13:58:00+08:00,250,2026-07-17T13:58:00+08:00,cancelled,confirmation_failed,2026-07-17T13:59:00+08:00,,bucket_confirmation
2026-07-17T14:05:00+08:00,known_signal_time_parameters,ni2609.SHFE,26.0,0.23881291964680387,0.08098736434171395,0.23636363636363636,0.17333333333333334,0.12380952380952381,2026-07-17,SHORT,,110,confirmed_pullback,102936.0,2026-07,150,"{""single_trade_risk"": 68000.0, ""portfolio_risk"": 13600.0, ""group_risk"": 27200.0, ""margin"": 51468.0, ""group_margin"": 102936.0}",2026-07-17T14:07:00+08:00,210,2026-07-17T14:07:00+08:00,cancelled,confirmation_failed,2026-07-17T14:08:00+08:00,2026-07-17T14:06:00+08:00,bucket_confirmation
,execution_parameters_unavailable,pd2610.GFEX,,,,,,,2026-07-20,SHORT,"[""exact_previous_parameter_missing""]",,confirmed_breakout,,2026-07,,,2026-07-20T09:17:00+08:00,,2026-07-20T09:17:00+08:00,cancelled,confirmation_failed,2026-07-20T09:18:00+08:00,,bucket_confirmation
,execution_parameters_unavailable,pt2610.GFEX,,,,,,,2026-07-20,SHORT,"[""exact_previous_parameter_missing""]",,confirmed_breakout,,2026-07,,,2026-07-20T14:13:00+08:00,,2026-07-20T14:13:00+08:00,cancelled,execution_filters,2026-07-20T14:14:00+08:00,,bucket_confirmation
2026-07-28T09:25:00+08:00,known_signal_time_parameters,MA609.CZCE,2.5194,0.6308232141898427,0.27415493826311904,0.35991428571428574,0.1938,0.1938,2026-07-28,SHORT,,7,confirmed_breakout,47597.0,2026-07,13,"{""single_trade_risk"": 47597.0, ""portfolio_risk"": 9519.4, ""group_risk"": 19038.8, ""margin"": 8656.666666666668, ""group_margin"": 17313.333333333336}",2026-07-28T09:26:00+08:00,13,2026-07-28T09:26:00+08:00,cancelled,confirmation_failed,2026-07-28T09:27:00+08:00,,bucket_confirmation
2026-07-28T09:25:00+08:00,known_signal_time_parameters,MA609.CZCE,2.519,0.632203750088383,0.2741114112426756,0.3598571428571429,0.19376923076923078,0.19376923076923078,2026-07-28,SHORT,,7,confirmed_breakout,47595.0,2026-07,13,"{""single_trade_risk"": 47595.0, ""portfolio_risk"": 9519.0, ""group_risk"": 19038.0, ""margin"": 8650.0, ""group_margin"": 17300.0}",2026-07-28T09:28:00+08:00,13,2026-07-28T09:28:00+08:00,cancelled,confirmation_failed,2026-07-28T09:29:00+08:00,,bucket_confirmation
,execution_parameters_unavailable,jd2609.DCE,,,,,,,2026-07-28,LONG,"[""exchange_execution_not_reviewed"", ""exact_previous_parameter_missing""]",,confirmed_pullback,,2026-07,,,2026-07-28T09:38:00+08:00,,2026-07-28T09:38:00+08:00,cancelled,confirmation_failed,2026-07-28T09:39:00+08:00,2026-07-28T09:37:00+08:00,bucket_confirmation
,execution_parameters_unavailable,jd2609.DCE,,,,,,,2026-07-28,LONG,"[""exchange_execution_not_reviewed"", ""exact_previous_parameter_missing""]",,confirmed_breakout,,2026-07,,,2026-07-28T09:44:00+08:00,,2026-07-28T09:44:00+08:00,cancelled,five_minute_boundary,2026-07-28T09:45:00+08:00,,bucket_confirmation
,execution_parameters_unavailable,ps2609.GFEX,,,,,,,2026-07-28,SHORT,"[""exact_previous_parameter_missing""]",,confirmed_breakout,,2026-07,,,2026-07-28T09:44:00+08:00,,2026-07-28T09:44:00+08:00,cancelled,five_minute_boundary,2026-07-28T09:45:00+08:00,,bucket_confirmation
,execution_parameters_unavailable,ps2609.GFEX,,,,,,,2026-07-28,SHORT,"[""exact_previous_parameter_missing""]",,confirmed_breakout,,2026-07,,,2026-07-28T09:46:00+08:00,,2026-07-28T09:46:00+08:00,cancelled,execution_filters,2026-07-28T09:47:00+08:00,,bucket_confirmation
,execution_parameters_unavailable,ps2609.GFEX,,,,,,,2026-07-01,LONG,"[""exact_previous_parameter_missing""]",,confirmed_breakout,,2026-07,,,2026-07-01T11:18:00+08:00,,2026-07-01T11:18:00+08:00,cancelled,structure_broken,2026-07-01T11:19:00+08:00,2026-07-01T11:17:00+08:00,lifetime
2026-07-02T09:45:00+08:00,known_signal_time_parameters,PR609.CZCE,4.3231,0.43908460058458776,0.17045041035167874,0.36025833333333335,0.19650454545454546,0.19650454545454546,2026-07-02,SHORT,,12,confirmed_breakout,122423.25,2026-07,22,"{""single_trade_risk"": 122423.25, ""portfolio_risk"": 24484.649999999998, ""group_risk"": 48969.299999999996, ""margin"": 32310.0, ""group_margin"": 64620.0}",2026-07-02T09:47:00+08:00,22,2026-07-02T09:47:00+08:00,cancelled,expired,2026-07-02T09:52:00+08:00,,lifetime
2026-07-02T09:50:00+08:00,known_signal_time_parameters,PR609.CZCE,4.3231,0.4719781317025936,0.17711586423927064,0.36025833333333335,0.19650454545454546,0.19650454545454546,2026-07-02,SHORT,,12,confirmed_pullback,122423.25,2026-07,22,"{""single_trade_risk"": 122423.25, ""portfolio_risk"": 24484.649999999998, ""group_risk"": 48969.299999999996, ""margin"": 32310.0, ""group_margin"": 64620.0}",2026-07-02T09:52:00+08:00,22,2026-07-02T09:52:00+08:00,confirmed,continuation_close,2026-07-02T09:53:00+08:00,2026-07-02T09:51:00+08:00,lifetime
2026-07-02T11:10:00+08:00,known_signal_time_parameters,PR609.CZCE,4.3217,0.5741607648111438,0.19343809265111378,0.36014166666666664,0.19644090909090908,0.19644090909090908,2026-07-02,SHORT,,12,confirmed_breakout,122412.75,2026-07,22,"{""single_trade_risk"": 122412.75, ""portfolio_risk"": 24482.55, ""group_risk"": 48965.1, ""margin"": 32170.0, ""group_margin"": 64340.0}",2026-07-02T11:13:00+08:00,22,2026-07-02T11:13:00+08:00,confirmed,continuation_close,2026-07-02T11:14:00+08:00,,lifetime
2026-07-02T13:35:00+08:00,known_signal_time_parameters,PR609.CZCE,4.3209,0.5402025308854166,0.2144311361043176,0.360075,0.19640454545454544,0.19640454545454544,2026-07-02,SHORT,,12,confirmed_pullback,122406.75,2026-07,22,"{""single_trade_risk"": 122406.75, ""portfolio_risk"": 24481.35, ""group_risk"": 48962.7, ""margin"": 32090.0, ""group_margin"": 64180.0}",2026-07-02T13:37:00+08:00,22,2026-07-02T13:37:00+08:00,confirmed,continuation_close,2026-07-02T13:38:00+08:00,2026-07-02T13:36:00+08:00,lifetime
2026-07-02T13:35:00+08:00,known_signal_time_parameters,PX609.CZCE,4.7296,0.3932226223908614,0.18007195498293344,0.3378285714285714,0.1819076923076923,0.1819076923076923,2026-07-02,SHORT,,14,confirmed_pullback,46824.0,2026-07,26,"{""single_trade_risk"": 46824.0, ""portfolio_risk"": 9364.8, ""group_risk"": 18729.6, ""margin"": 12160.0, ""group_margin"": 24320.0}",2026-07-02T13:37:00+08:00,26,2026-07-02T13:37:00+08:00,confirmed,continuation_close,2026-07-02T13:38:00+08:00,2026-07-02T13:36:00+08:00,lifetime
2026-07-02T13:45:00+08:00,known_signal_time_parameters,PX609.CZCE,4.729,0.37012946348990805,0.16408527573134357,0.3377857142857143,0.1818846153846154,0.1818846153846154,2026-07-02,SHORT,,14,confirmed_breakout,46822.5,2026-07,26,"{""single_trade_risk"": 46822.5, ""portfolio_risk"": 9364.5, ""group_risk"": 18729.0, ""margin"": 12150.0, ""group_margin"": 24300.0}",2026-07-02T13:46:00+08:00,26,2026-07-02T13:46:00+08:00,cancelled,structure_broken,2026-07-02T13:47:00+08:00,,lifetime
2026-07-02T13:50:00+08:00,known_signal_time_parameters,PR609.CZCE,4.3209,0.5252994761614478,0.20783934604129942,0.360075,0.19640454545454544,0.19640454545454544,2026-07-02,SHORT,,12,confirmed_pullback,122406.75,2026-07,22,"{""single_trade_risk"": 122406.75, ""portfolio_risk"": 24481.35, ""group_risk"": 48962.7, ""margin"": 32090.0, ""group_margin"": 64180.0}",2026-07-02T13:50:00+08:00,22,2026-07-02T13:50:00+08:00,confirmed,continuation_close,2026-07-02T13:53:00+08:00,2026-07-02T13:48:00+08:00,lifetime
2026-07-02T14:00:00+08:00,known_signal_time_parameters,PR609.CZCE,4.3204,0.6199321917715147,0.2130072008113219,0.36003333333333337,0.19638181818181819,0.19638181818181819,2026-07-02,SHORT,,12,confirmed_breakout,122402.99999999999,2026-07,22,"{""single_trade_risk"": 122402.99999999999, ""portfolio_risk"": 24480.6, ""group_risk"": 48961.2, ""margin"": 32040.0, ""group_margin"": 64080.0}",2026-07-02T14:03:00+08:00,22,2026-07-02T14:03:00+08:00,confirmed,continuation_close,2026-07-02T14:04:00+08:00,2026-07-02T14:02:00+08:00,lifetime
2026-07-06T10:15:00+08:00,known_signal_time_parameters,T2609.CFFEX,0.0103,1.0838554328173076,0.5118817238969093,0.412,0.6866666666666666,0.2575,2026-07-06,LONG,,0.025,confirmed_breakout,176500.0,2026-07,0.015,"{""single_trade_risk"": 176500.0, ""portfolio_risk"": 35300.0, ""group_risk"": 70600.0, ""margin"": 72753.33333333334, ""group_margin"": 145506.6666666667}",2026-07-06T10:16:00+08:00,0.04,2026-07-06T10:16:00+08:00,cancelled,higher_invalid,2026-07-06T10:20:00+08:00,,lifetime
2026-07-07T11:05:00+08:00,known_signal_time_parameters,CJ609.CZCE,11.2,1.544907326705693,0.6629395454966625,0.44799999999999995,0.5599999999999999,0.22399999999999998,2026-07-07,SHORT,,25,confirmed_breakout,90500.0,2026-07,20,"{""single_trade_risk"": 90500.0, ""portfolio_risk"": 18100.0, ""group_risk"": 36200.0, ""margin"": 10946.666666666668, ""group_margin"": 21893.333333333336}",2026-07-07T11:09:00+08:00,50,2026-07-07T11:09:00+08:00,confirmed,continuation_close,2026-07-07T11:11:00+08:00,,lifetime
2026-07-07T11:25:00+08:00,known_signal_time_parameters,CJ609.CZCE,11.2,1.524599913188142,0.7114104312050961,0.44799999999999995,0.5599999999999999,0.22399999999999998,2026-07-07,SHORT,,25,confirmed_breakout,90500.0,2026-07,20,"{""single_trade_risk"": 90500.0, ""portfolio_risk"": 18100.0, ""group_risk"": 36200.0, ""margin"": 10933.333333333334, ""group_margin"": 21866.666666666668}",2026-07-07T11:29:00+08:00,50,2026-07-07T11:29:00+08:00,cancelled,expired,2026-07-07T11:30:00+08:00,2026-07-07T11:27:00+08:00,lifetime
2026-07-16T14:10:00+08:00,known_signal_time_parameters,IM2609.CFFEX,2.319258,0.19614425095020221,0.07700304656473564,0.1932715,0.1260466304347826,0.09663575,2026-07-16,SHORT,,12.0,confirmed_breakout,1431925.8,2026-07,18.400000000000002,"{""single_trade_risk"": 1431925.8, ""portfolio_risk"": 286385.16, ""group_risk"": 572770.32, ""margin"": 606880.0, ""group_margin"": 1213760.0}",2026-07-16T14:12:00+08:00,24.0,2026-07-16T14:12:00+08:00,confirmed,continuation_close,2026-07-16T14:13:00+08:00,2026-07-16T14:11:00+08:00,lifetime
2026-07-17T11:15:00+08:00,known_signal_time_parameters,TL2609.CFFEX,0.020300000000000002,1.1172796730991417,0.3841856291545262,0.406,0.5075000000000001,0.203,2026-07-17,LONG,,0.05,confirmed_breakout,351500.0,2026-07,0.04,"{""single_trade_risk"": 351500.0, ""portfolio_risk"": 70300.0, ""group_risk"": 140600.0, ""margin"": 132813.33333333337, ""group_margin"": 265626.66666666674}",2026-07-17T11:19:00+08:00,0.1,2026-07-17T11:19:00+08:00,cancelled,higher_invalid,2026-07-17T11:20:00+08:00,,lifetime
2026-07-17T13:30:00+08:00,known_signal_time_parameters,IF2609.CFFEX,1.5347050000000002,0.2044261982223558,0.0950258853051674,0.20193486842105265,0.22569191176470588,0.10096743421052633,2026-07-17,SHORT,,7.6000000000000005,confirmed_breakout,1370205.75,2026-07,6.800000000000001,"{""single_trade_risk"": 1370205.75, ""portfolio_risk"": 274041.15, ""group_risk"": 548082.3, ""margin"": 538200.0, ""group_margin"": 1076400.0}",2026-07-17T13:32:00+08:00,15.200000000000001,2026-07-17T13:32:00+08:00,confirmed,continuation_close,2026-07-17T13:35:00+08:00,,lifetime
2026-07-17T13:55:00+08:00,known_signal_time_parameters,ni2609.SHFE,26.0,0.20466353632580145,0.07749094952935756,0.2,0.17333333333333334,0.104,2026-07-17,SHORT,,130,confirmed_breakout,102920.0,2026-07,150,"{""single_trade_risk"": 78000.0, ""portfolio_risk"": 15600.0, ""group_risk"": 31200.0, ""margin"": 51460.0, ""group_margin"": 102920.0}",2026-07-17T13:58:00+08:00,250,2026-07-17T13:58:00+08:00,cancelled,structure_broken,2026-07-17T14:01:00+08:00,,lifetime
2026-07-17T14:05:00+08:00,known_signal_time_parameters,ni2609.SHFE,26.0,0.23881291964680387,0.08098736434171395,0.23636363636363636,0.17333333333333334,0.12380952380952381,2026-07-17,SHORT,,110,confirmed_pullback,102936.0,2026-07,150,"{""single_trade_risk"": 68000.0, ""portfolio_risk"": 13600.0, ""group_risk"": 27200.0, ""margin"": 51468.0, ""group_margin"": 102936.0}",2026-07-17T14:07:00+08:00,210,2026-07-17T14:07:00+08:00,cancelled,structure_broken,2026-07-17T14:09:00+08:00,2026-07-17T14:06:00+08:00,lifetime
,execution_parameters_unavailable,pd2610.GFEX,,,,,,,2026-07-20,SHORT,"[""exact_previous_parameter_missing""]",,confirmed_breakout,,2026-07,,,2026-07-20T09:17:00+08:00,,2026-07-20T09:17:00+08:00,confirmed,continuation_close,2026-07-20T09:20:00+08:00,,lifetime
,execution_parameters_unavailable,pt2610.GFEX,,,,,,,2026-07-20,SHORT,"[""exact_previous_parameter_missing""]",,confirmed_breakout,,2026-07,,,2026-07-20T14:13:00+08:00,,2026-07-20T14:13:00+08:00,cancelled,higher_invalid,2026-07-20T14:15:00+08:00,,lifetime
2026-07-28T09:25:00+08:00,known_signal_time_parameters,MA609.CZCE,2.5194,0.6308232141898427,0.27415493826311904,0.35991428571428574,0.1938,0.1938,2026-07-28,SHORT,,7,confirmed_breakout,47597.0,2026-07,13,"{""single_trade_risk"": 47597.0, ""portfolio_risk"": 9519.4, ""group_risk"": 19038.8, ""margin"": 8656.666666666668, ""group_margin"": 17313.333333333336}",2026-07-28T09:26:00+08:00,13,2026-07-28T09:26:00+08:00,confirmed,continuation_close,2026-07-28T09:28:00+08:00,,lifetime
,execution_parameters_unavailable,jd2609.DCE,,,,,,,2026-07-28,LONG,"[""exchange_execution_not_reviewed"", ""exact_previous_parameter_missing""]",,confirmed_pullback,,2026-07,,,2026-07-28T09:38:00+08:00,,2026-07-28T09:38:00+08:00,cancelled,structure_broken,2026-07-28T09:40:00+08:00,2026-07-28T09:37:00+08:00,lifetime
,execution_parameters_unavailable,jd2609.DCE,,,,,,,2026-07-28,LONG,"[""exchange_execution_not_reviewed"", ""exact_previous_parameter_missing""]",,confirmed_pullback,,2026-07,,,2026-07-28T09:42:00+08:00,,2026-07-28T09:42:00+08:00,confirmed,continuation_close,2026-07-28T09:44:00+08:00,2026-07-28T09:40:00+08:00,lifetime
,execution_parameters_unavailable,ps2609.GFEX,,,,,,,2026-07-28,SHORT,"[""exact_previous_parameter_missing""]",,confirmed_breakout,,2026-07,,,2026-07-28T09:44:00+08:00,,2026-07-28T09:44:00+08:00,confirmed,continuation_close,2026-07-28T09:45:00+08:00,,lifetime
,execution_parameters_unavailable,ps2609.GFEX,,,,,,,2026-07-28,SHORT,"[""exact_previous_parameter_missing""]",,confirmed_breakout,,2026-07,,,2026-07-28T09:46:00+08:00,,2026-07-28T09:46:00+08:00,confirmed,continuation_close,2026-07-28T09:47:00+08:00,,lifetime
,execution_parameters_unavailable,ps2609.GFEX,,,,,,,2026-07-01,LONG,"[""exact_previous_parameter_missing""]",,confirmed_pullback,,2026-07,,,2026-07-01T11:18:00+08:00,,2026-07-01T11:18:00+08:00,confirmed,recovery_close,2026-07-01T11:18:00+08:00,2026-07-01T11:17:00+08:00,pullback_recovery
2026-07-02T09:50:00+08:00,known_signal_time_parameters,PR609.CZCE,4.3231,0.4719781317025936,0.17711586423927064,0.36025833333333335,0.19650454545454546,0.19650454545454546,2026-07-02,SHORT,,12,confirmed_pullback,122423.25,2026-07,22,"{""single_trade_risk"": 122423.25, ""portfolio_risk"": 24484.649999999998, ""group_risk"": 48969.299999999996, ""margin"": 32310.0, ""group_margin"": 64620.0}",2026-07-02T09:52:00+08:00,22,2026-07-02T09:52:00+08:00,confirmed,recovery_close,2026-07-02T09:52:00+08:00,2026-07-02T09:51:00+08:00,pullback_recovery
2026-07-02T13:35:00+08:00,known_signal_time_parameters,PR609.CZCE,4.3209,0.5402025308854166,0.2144311361043176,0.360075,0.19640454545454544,0.19640454545454544,2026-07-02,SHORT,,12,confirmed_pullback,122406.75,2026-07,22,"{""single_trade_risk"": 122406.75, ""portfolio_risk"": 24481.35, ""group_risk"": 48962.7, ""margin"": 32090.0, ""group_margin"": 64180.0}",2026-07-02T13:37:00+08:00,22,2026-07-02T13:37:00+08:00,confirmed,recovery_close,2026-07-02T13:37:00+08:00,2026-07-02T13:36:00+08:00,pullback_recovery
2026-07-02T13:35:00+08:00,known_signal_time_parameters,PX609.CZCE,4.7296,0.3932226223908614,0.18007195498293344,0.3378285714285714,0.1819076923076923,0.1819076923076923,2026-07-02,SHORT,,14,confirmed_pullback,46824.0,2026-07,26,"{""single_trade_risk"": 46824.0, ""portfolio_risk"": 9364.8, ""group_risk"": 18729.6, ""margin"": 12160.0, ""group_margin"": 24320.0}",2026-07-02T13:37:00+08:00,26,2026-07-02T13:37:00+08:00,confirmed,recovery_close,2026-07-02T13:37:00+08:00,2026-07-02T13:36:00+08:00,pullback_recovery
2026-07-02T13:50:00+08:00,known_signal_time_parameters,PR609.CZCE,4.3209,0.5252994761614478,0.20783934604129942,0.360075,0.19640454545454544,0.19640454545454544,2026-07-02,SHORT,,12,confirmed_pullback,122406.75,2026-07,22,"{""single_trade_risk"": 122406.75, ""portfolio_risk"": 24481.35, ""group_risk"": 48962.7, ""margin"": 32090.0, ""group_margin"": 64180.0}",2026-07-02T13:50:00+08:00,22,2026-07-02T13:50:00+08:00,confirmed,recovery_close,2026-07-02T13:50:00+08:00,2026-07-02T13:48:00+08:00,pullback_recovery
2026-07-02T14:00:00+08:00,known_signal_time_parameters,PR609.CZCE,4.3204,0.6199321917715147,0.2130072008113219,0.36003333333333337,0.19638181818181819,0.19638181818181819,2026-07-02,SHORT,,12,confirmed_pullback,122402.99999999999,2026-07,22,"{""single_trade_risk"": 122402.99999999999, ""portfolio_risk"": 24480.6, ""group_risk"": 48961.2, ""margin"": 32040.0, ""group_margin"": 64080.0}",2026-07-02T14:03:00+08:00,22,2026-07-02T14:03:00+08:00,confirmed,recovery_close,2026-07-02T14:03:00+08:00,2026-07-02T14:02:00+08:00,pullback_recovery
2026-07-07T11:25:00+08:00,known_signal_time_parameters,CJ609.CZCE,11.2,1.524599913188142,0.7114104312050961,0.44799999999999995,0.5599999999999999,0.22399999999999998,2026-07-07,SHORT,,25,confirmed_pullback,90500.0,2026-07,20,"{""single_trade_risk"": 90500.0, ""portfolio_risk"": 18100.0, ""group_risk"": 36200.0, ""margin"": 10933.333333333334, ""group_margin"": 21866.666666666668}",2026-07-07T11:29:00+08:00,50,2026-07-07T11:29:00+08:00,confirmed,recovery_close,2026-07-07T11:29:00+08:00,2026-07-07T11:27:00+08:00,pullback_recovery
2026-07-16T14:10:00+08:00,known_signal_time_parameters,IM2609.CFFEX,2.319258,0.19614425095020221,0.07700304656473564,0.1932715,0.1260466304347826,0.09663575,2026-07-16,SHORT,,12.0,confirmed_pullback,1431925.8,2026-07,18.400000000000002,"{""single_trade_risk"": 1431925.8, ""portfolio_risk"": 286385.16, ""group_risk"": 572770.32, ""margin"": 606880.0, ""group_margin"": 1213760.0}",2026-07-16T14:12:00+08:00,24.0,2026-07-16T14:12:00+08:00,confirmed,recovery_close,2026-07-16T14:12:00+08:00,2026-07-16T14:11:00+08:00,pullback_recovery
2026-07-16T14:10:00+08:00,known_signal_time_parameters,IM2609.CFFEX,2.3174364,0.19890303507135684,0.07694256655361902,0.19639291525423727,0.1259476304347826,0.09819645762711864,2026-07-16,SHORT,,11.8,confirmed_pullback,1411743.64,2026-07,18.400000000000002,"{""single_trade_risk"": 1411743.64, ""portfolio_risk"": 282348.728, ""group_risk"": 564697.456, ""margin"": 606304.0, ""group_margin"": 1212608.0}",2026-07-16T14:13:00+08:00,23.6,2026-07-16T14:13:00+08:00,confirmed,recovery_close,2026-07-16T14:13:00+08:00,2026-07-16T14:11:00+08:00,pullback_recovery
2026-07-17T13:35:00+08:00,known_signal_time_parameters,IF2609.CFFEX,1.5341483999999999,0.20705516509409114,0.09110335969964416,0.20186163157894735,0.22561005882352936,0.10093081578947367,2026-07-17,SHORT,,7.6000000000000005,confirmed_pullback,1370122.26,2026-07,6.800000000000001,"{""single_trade_risk"": 1370122.26, ""portfolio_risk"": 274024.452, ""group_risk"": 548048.904, ""margin"": 537936.0, ""group_margin"": 1075872.0}",2026-07-17T13:35:00+08:00,15.200000000000001,2026-07-17T13:35:00+08:00,confirmed,recovery_close,2026-07-17T13:35:00+08:00,2026-07-17T13:34:00+08:00,pullback_recovery
2026-07-17T14:05:00+08:00,known_signal_time_parameters,ni2609.SHFE,26.0,0.23881291964680387,0.08098736434171395,0.23636363636363636,0.17333333333333334,0.12380952380952381,2026-07-17,SHORT,,110,confirmed_pullback,102936.0,2026-07,150,"{""single_trade_risk"": 68000.0, ""portfolio_risk"": 13600.0, ""group_risk"": 27200.0, ""margin"": 51468.0, ""group_margin"": 102936.0}",2026-07-17T14:07:00+08:00,210,2026-07-17T14:07:00+08:00,confirmed,recovery_close,2026-07-17T14:07:00+08:00,2026-07-17T14:06:00+08:00,pullback_recovery
,execution_parameters_unavailable,jd2609.DCE,,,,,,,2026-07-28,LONG,"[""exchange_execution_not_reviewed"", ""exact_previous_parameter_missing""]",,confirmed_pullback,,2026-07,,,2026-07-28T09:38:00+08:00,,2026-07-28T09:38:00+08:00,confirmed,recovery_close,2026-07-28T09:38:00+08:00,2026-07-28T09:37:00+08:00,pullback_recovery
,execution_parameters_unavailable,jd2609.DCE,,,,,,,2026-07-28,LONG,"[""exchange_execution_not_reviewed"", ""exact_previous_parameter_missing""]",,confirmed_pullback,,2026-07,,,2026-07-28T09:42:00+08:00,,2026-07-28T09:42:00+08:00,confirmed,recovery_close,2026-07-28T09:42:00+08:00,2026-07-28T09:40:00+08:00,pullback_recovery
2026-08-11T09:20:00+08:00,known_signal_time_parameters,UR609.CZCE,2.3414,0.8730502361111843,0.5744035307363602,0.46828000000000003,0.58535,0.23414000000000001,2026-08-11,SHORT,,5,confirmed_breakout,73414.0,2026-08,4,"{""single_trade_risk"": 73414.0, ""portfolio_risk"": 14682.8, ""group_risk"": 29365.6, ""margin"": 9104.000000000002, ""group_margin"": 18208.000000000004}",2026-08-11T09:22:00+08:00,10,2026-08-11T09:22:00+08:00,confirmed,next_close,2026-08-11T09:23:00+08:00,2026-08-11T09:21:00+08:00,bucket_confirmation
,execution_parameters_unavailable,pg2610.DCE,,,,,,,2026-08-12,LONG,"[""exchange_execution_not_reviewed"", ""exact_previous_parameter_missing""]",,confirmed_breakout,,2026-08,,,2026-08-12T11:08:00+08:00,,2026-08-12T11:08:00+08:00,cancelled,confirmation_failed,2026-08-12T11:09:00+08:00,,bucket_confirmation
,execution_parameters_unavailable,pg2610.DCE,,,,,,,2026-08-12,LONG,"[""exchange_execution_not_reviewed"", ""exact_previous_parameter_missing""]",,confirmed_breakout,,2026-08,,,2026-08-12T11:12:00+08:00,,2026-08-12T11:12:00+08:00,cancelled,confirmation_failed,2026-08-12T11:13:00+08:00,,bucket_confirmation
2026-08-14T11:15:00+08:00,known_signal_time_parameters,fu2611.SHFE,2.03531,0.47052843762654306,0.1964271740162168,0.2907585714285714,0.1453792857142857,0.1453792857142857,2026-08-14,LONG,,7,confirmed_pullback,45176.549999999996,2026-08,14,"{""single_trade_risk"": 45176.549999999996, ""portfolio_risk"": 9035.31, ""group_risk"": 18070.62, ""margin"": 18832.000000000004, ""group_margin"": 37664.00000000001}",2026-08-14T11:19:00+08:00,14,2026-08-14T11:19:00+08:00,cancelled,five_minute_boundary,2026-08-14T11:20:00+08:00,2026-08-14T11:18:00+08:00,bucket_confirmation
2026-08-14T11:20:00+08:00,known_signal_time_parameters,fu2611.SHFE,2.03529,0.49683140270021314,0.19033920719815542,0.2907557142857143,0.14537785714285714,0.14537785714285714,2026-08-14,LONG,,7,confirmed_breakout,45176.450000000004,2026-08,14,"{""single_trade_risk"": 45176.450000000004, ""portfolio_risk"": 9035.29, ""group_risk"": 18070.58, ""margin"": 18821.333333333336, ""group_margin"": 37642.66666666667}",2026-08-14T11:24:00+08:00,14,2026-08-14T11:24:00+08:00,cancelled,five_minute_boundary,2026-08-14T11:25:00+08:00,,bucket_confirmation
2026-08-14T11:25:00+08:00,known_signal_time_parameters,fu2611.SHFE,2.03533,0.5073342093301026,0.19650308505224134,0.29076142857142856,0.14538071428571428,0.14538071428571428,2026-08-14,LONG,,7,confirmed_breakout,45176.65,2026-08,14,"{""single_trade_risk"": 45176.65, ""portfolio_risk"": 9035.33, ""group_risk"": 18070.66, ""margin"": 18842.666666666668, ""group_margin"": 37685.333333333336}",2026-08-14T11:26:00+08:00,14,2026-08-14T11:26:00+08:00,cancelled,execution_filters,2026-08-14T11:27:00+08:00,,bucket_confirmation
2026-08-19T13:35:00+08:00,known_signal_time_parameters,IM2609.CFFEX,2.295476,0.20420092482360572,0.09536695181737367,0.2013575438596491,0.12475413043478259,0.10067877192982455,2026-08-19,SHORT,,11.4,confirmed_breakout,1369547.5999999999,2026-08,18.400000000000002,"{""single_trade_risk"": 1369547.5999999999, ""portfolio_risk"": 273909.51999999996, ""group_risk"": 547819.0399999999, ""margin"": 599360.0, ""group_margin"": 1198720.0}",2026-08-19T13:37:00+08:00,22.8,2026-08-19T13:37:00+08:00,cancelled,confirmation_failed,2026-08-19T13:38:00+08:00,,bucket_confirmation
2026-08-26T10:05:00+08:00,known_signal_time_parameters,TF2612.CFFEX,0.0103,1.4995754542762338,0.9522078627310643,0.412,0.6866666666666666,0.2575,2026-08-26,SHORT,,0.025,confirmed_breakout,176500.0,2026-08,0.015,"{""single_trade_risk"": 176500.0, ""portfolio_risk"": 35300.0, ""group_risk"": 70600.0, ""margin"": 42614.00000000001, ""group_margin"": 85228.00000000001}",2026-08-26T10:08:00+08:00,0.04,2026-08-26T10:08:00+08:00,cancelled,confirmation_failed,2026-08-26T10:09:00+08:00,2026-08-26T10:07:00+08:00,bucket_confirmation
2026-08-28T09:40:00+08:00,known_signal_time_parameters,PX611.CZCE,4.8058,0.49305936177391285,0.19753031299653,0.34327142857142856,0.18483846153846153,0.18483846153846153,2026-08-28,LONG,,14,confirmed_breakout,47014.5,2026-08,26,"{""single_trade_risk"": 47014.5, ""portfolio_risk"": 9402.9, ""group_risk"": 18805.8, ""margin"": 9401.000000000002, ""group_margin"": 18802.000000000004}",2026-08-28T09:43:00+08:00,26,2026-08-28T09:43:00+08:00,cancelled,execution_filters,2026-08-28T09:44:00+08:00,,bucket_confirmation
2026-08-28T14:20:00+08:00,known_signal_time_parameters,PX611.CZCE,4.812,0.4984643209239839,0.21769835286010866,0.34371428571428575,0.18507692307692308,0.18507692307692308,2026-08-28,LONG,,14,confirmed_breakout,47030.0,2026-08,26,"{""single_trade_risk"": 47030.0, ""portfolio_risk"": 9406.0, ""group_risk"": 18812.0, ""margin"": 9473.333333333336, ""group_margin"": 18946.66666666667}",2026-08-28T14:24:00+08:00,26,2026-08-28T14:24:00+08:00,cancelled,five_minute_boundary,2026-08-28T14:25:00+08:00,,bucket_confirmation
2026-08-11T09:20:00+08:00,known_signal_time_parameters,UR609.CZCE,2.3414,0.8730502361111843,0.5744035307363602,0.46828000000000003,0.58535,0.23414000000000001,2026-08-11,SHORT,,5,confirmed_breakout,73414.0,2026-08,4,"{""single_trade_risk"": 73414.0, ""portfolio_risk"": 14682.8, ""group_risk"": 29365.6, ""margin"": 9104.000000000002, ""group_margin"": 18208.000000000004}",2026-08-11T09:22:00+08:00,10,2026-08-11T09:22:00+08:00,confirmed,continuation_close,2026-08-11T09:23:00+08:00,2026-08-11T09:21:00+08:00,lifetime
,execution_parameters_unavailable,pg2610.DCE,,,,,,,2026-08-12,LONG,"[""exchange_execution_not_reviewed"", ""exact_previous_parameter_missing""]",,confirmed_breakout,,2026-08,,,2026-08-12T11:08:00+08:00,,2026-08-12T11:08:00+08:00,cancelled,expired,2026-08-12T11:13:00+08:00,,lifetime
2026-08-14T11:05:00+08:00,known_signal_time_parameters,fu2611.SHFE,2.0352,0.48688531351350917,0.18951560722105062,0.29074285714285714,0.14537142857142857,0.14537142857142857,2026-08-14,LONG,,7,confirmed_breakout,45176.0,2026-08,14,"{""single_trade_risk"": 45176.0, ""portfolio_risk"": 9035.2, ""group_risk"": 18070.4, ""margin"": 18773.333333333336, ""group_margin"": 37546.66666666667}",2026-08-14T11:05:00+08:00,14,2026-08-14T11:05:00+08:00,cancelled,structure_broken,2026-08-14T11:06:00+08:00,2026-08-14T11:02:00+08:00,lifetime
2026-08-14T11:15:00+08:00,known_signal_time_parameters,fu2611.SHFE,2.03531,0.47052843762654306,0.1964271740162168,0.2907585714285714,0.1453792857142857,0.1453792857142857,2026-08-14,LONG,,7,confirmed_pullback,45176.549999999996,2026-08,14,"{""single_trade_risk"": 45176.549999999996, ""portfolio_risk"": 9035.31, ""group_risk"": 18070.62, ""margin"": 18832.000000000004, ""group_margin"": 37664.00000000001}",2026-08-14T11:19:00+08:00,14,2026-08-14T11:19:00+08:00,cancelled,structure_broken,2026-08-14T11:20:00+08:00,2026-08-14T11:18:00+08:00,lifetime
2026-08-14T11:20:00+08:00,known_signal_time_parameters,fu2611.SHFE,2.03529,0.49683140270021314,0.19033920719815542,0.2907557142857143,0.14537785714285714,0.14537785714285714,2026-08-14,LONG,,7,confirmed_breakout,45176.450000000004,2026-08,14,"{""single_trade_risk"": 45176.450000000004, ""portfolio_risk"": 9035.29, ""group_risk"": 18070.58, ""margin"": 18821.333333333336, ""group_margin"": 37642.66666666667}",2026-08-14T11:24:00+08:00,14,2026-08-14T11:24:00+08:00,confirmed,continuation_close,2026-08-14T11:25:00+08:00,,lifetime
2026-08-18T11:20:00+08:00,known_signal_time_parameters,TL2609.CFFEX,0.020300000000000002,0.903405060994584,0.33200131822922335,0.406,0.5075000000000001,0.203,2026-08-18,LONG,,0.05,confirmed_breakout,351500.0,2026-08,0.04,"{""single_trade_risk"": 351500.0, ""portfolio_risk"": 70300.0, ""group_risk"": 140600.0, ""margin"": 136021.6666666667, ""group_margin"": 272043.3333333334}",2026-08-18T11:20:00+08:00,0.1,2026-08-18T11:20:00+08:00,cancelled,structure_broken,2026-08-18T11:24:00+08:00,,lifetime
2026-08-19T13:35:00+08:00,known_signal_time_parameters,IM2609.CFFEX,2.2983096,0.20915243505981632,0.09548467545929794,0.20893723636363637,0.12490813043478259,0.10446861818181818,2026-08-19,SHORT,,11.0,confirmed_breakout,1329830.96,2026-08,18.400000000000002,"{""single_trade_risk"": 1329830.96, ""portfolio_risk"": 265966.192, ""group_risk"": 531932.384, ""margin"": 600256.0, ""group_margin"": 1200512.0}",2026-08-19T13:35:00+08:00,22.0,2026-08-19T13:35:00+08:00,confirmed,continuation_close,2026-08-19T13:37:00+08:00,,lifetime
2026-08-26T10:05:00+08:00,known_signal_time_parameters,TF2612.CFFEX,0.0103,1.4995754542762338,0.9522078627310643,0.412,0.6866666666666666,0.2575,2026-08-26,SHORT,,0.025,confirmed_breakout,176500.0,2026-08,0.015,"{""single_trade_risk"": 176500.0, ""portfolio_risk"": 35300.0, ""group_risk"": 70600.0, ""margin"": 42614.00000000001, ""group_margin"": 85228.00000000001}",2026-08-26T10:08:00+08:00,0.04,2026-08-26T10:08:00+08:00,cancelled,higher_invalid,2026-08-26T10:10:00+08:00,2026-08-26T10:07:00+08:00,lifetime
2026-08-26T10:10:00+08:00,known_signal_time_parameters,TL2612.CFFEX,0.020300000000000002,0.6578213946486949,0.33869303419004243,0.406,0.5075000000000001,0.203,2026-08-26,SHORT,,0.05,confirmed_breakout,351500.0,2026-08,0.04,"{""single_trade_risk"": 351500.0, ""portfolio_risk"": 70300.0, ""group_risk"": 140600.0, ""margin"": 135753.33333333337, ""group_margin"": 271506.66666666674}",2026-08-26T10:10:00+08:00,0.1,2026-08-26T10:10:00+08:00,confirmed,continuation_close,2026-08-26T10:14:00+08:00,,lifetime
,execution_parameters_unavailable,ps2611.GFEX,,,,,,,2026-08-26,LONG,"[""exact_previous_parameter_missing""]",,confirmed_breakout,,2026-08,,,2026-08-26T10:10:00+08:00,,2026-08-26T10:10:00+08:00,confirmed,continuation_close,2026-08-26T10:12:00+08:00,2026-08-26T10:09:00+08:00,lifetime
2026-08-28T09:40:00+08:00,known_signal_time_parameters,PX611.CZCE,4.8058,0.49305936177391285,0.19753031299653,0.34327142857142856,0.18483846153846153,0.18483846153846153,2026-08-28,LONG,,14,confirmed_breakout,47014.5,2026-08,26,"{""single_trade_risk"": 47014.5, ""portfolio_risk"": 9402.9, ""group_risk"": 18805.8, ""margin"": 9401.000000000002, ""group_margin"": 18802.000000000004}",2026-08-28T09:43:00+08:00,26,2026-08-28T09:43:00+08:00,cancelled,higher_invalid,2026-08-28T09:45:00+08:00,,lifetime
2026-08-28T14:20:00+08:00,known_signal_time_parameters,PX611.CZCE,4.812,0.4984643209239839,0.21769835286010866,0.34371428571428575,0.18507692307692308,0.18507692307692308,2026-08-28,LONG,,14,confirmed_breakout,47030.0,2026-08,26,"{""single_trade_risk"": 47030.0, ""portfolio_risk"": 9406.0, ""group_risk"": 18812.0, ""margin"": 9473.333333333336, ""group_margin"": 18946.66666666667}",2026-08-28T14:24:00+08:00,26,2026-08-28T14:24:00+08:00,confirmed,continuation_close,2026-08-28T14:25:00+08:00,,lifetime
2026-08-11T09:20:00+08:00,known_signal_time_parameters,UR609.CZCE,2.3414,0.8730502361111843,0.5744035307363602,0.46828000000000003,0.58535,0.23414000000000001,2026-08-11,SHORT,,5,confirmed_pullback,73414.0,2026-08,4,"{""single_trade_risk"": 73414.0, ""portfolio_risk"": 14682.8, ""group_risk"": 29365.6, ""margin"": 9104.000000000002, ""group_margin"": 18208.000000000004}",2026-08-11T09:22:00+08:00,10,2026-08-11T09:22:00+08:00,confirmed,recovery_close,2026-08-11T09:22:00+08:00,2026-08-11T09:21:00+08:00,pullback_recovery
2026-08-11T09:20:00+08:00,known_signal_time_parameters,UR609.CZCE,2.3412,0.8656408443449524,0.5743544657726003,0.46824000000000005,0.5853,0.23412000000000002,2026-08-11,SHORT,,5,confirmed_pullback,73412.0,2026-08,4,"{""single_trade_risk"": 73412.0, ""portfolio_risk"": 14682.400000000001, ""group_risk"": 29364.800000000003, ""margin"": 9098.666666666666, ""group_margin"": 18197.333333333332}",2026-08-11T09:23:00+08:00,10,2026-08-11T09:23:00+08:00,confirmed,recovery_close,2026-08-11T09:23:00+08:00,2026-08-11T09:22:00+08:00,pullback_recovery
,execution_parameters_unavailable,pg2610.DCE,,,,,,,2026-08-12,LONG,"[""exchange_execution_not_reviewed"", ""exact_previous_parameter_missing""]",,confirmed_pullback,,2026-08,,,2026-08-12T11:12:00+08:00,,2026-08-12T11:12:00+08:00,confirmed,recovery_close,2026-08-12T11:12:00+08:00,2026-08-12T11:10:00+08:00,pullback_recovery
2026-08-14T11:05:00+08:00,known_signal_time_parameters,fu2611.SHFE,2.0352,0.48688531351350917,0.18951560722105062,0.29074285714285714,0.14537142857142857,0.14537142857142857,2026-08-14,LONG,,7,confirmed_pullback,45176.0,2026-08,14,"{""single_trade_risk"": 45176.0, ""portfolio_risk"": 9035.2, ""group_risk"": 18070.4, ""margin"": 18773.333333333336, ""group_margin"": 37546.66666666667}",2026-08-14T11:05:00+08:00,14,2026-08-14T11:05:00+08:00,confirmed,recovery_close,2026-08-14T11:05:00+08:00,2026-08-14T11:02:00+08:00,pullback_recovery
2026-08-14T11:15:00+08:00,known_signal_time_parameters,fu2611.SHFE,2.03531,0.47052843762654306,0.1964271740162168,0.2907585714285714,0.1453792857142857,0.1453792857142857,2026-08-14,LONG,,7,confirmed_pullback,45176.549999999996,2026-08,14,"{""single_trade_risk"": 45176.549999999996, ""portfolio_risk"": 9035.31, ""group_risk"": 18070.62, ""margin"": 18832.000000000004, ""group_margin"": 37664.00000000001}",2026-08-14T11:19:00+08:00,14,2026-08-14T11:19:00+08:00,confirmed,recovery_close,2026-08-14T11:19:00+08:00,2026-08-14T11:18:00+08:00,pullback_recovery
2026-08-14T11:25:00+08:00,known_signal_time_parameters,fu2611.SHFE,2.03533,0.5073342093301026,0.19650308505224134,0.29076142857142856,0.14538071428571428,0.14538071428571428,2026-08-14,LONG,,7,confirmed_pullback,45176.65,2026-08,14,"{""single_trade_risk"": 45176.65, ""portfolio_risk"": 9035.33, ""group_risk"": 18070.66, ""margin"": 18842.666666666668, ""group_margin"": 37685.333333333336}",2026-08-14T11:26:00+08:00,14,2026-08-14T11:26:00+08:00,confirmed,recovery_close,2026-08-14T11:26:00+08:00,2026-08-14T11:25:00+08:00,pullback_recovery
2026-08-26T10:05:00+08:00,known_signal_time_parameters,TF2612.CFFEX,0.0103,1.4995754542762338,0.9522078627310643,0.412,0.6866666666666666,0.2575,2026-08-26,SHORT,,0.025,confirmed_pullback,176500.0,2026-08,0.015,"{""single_trade_risk"": 176500.0, ""portfolio_risk"": 35300.0, ""group_risk"": 70600.0, ""margin"": 42614.00000000001, ""group_margin"": 85228.00000000001}",2026-08-26T10:08:00+08:00,0.04,2026-08-26T10:08:00+08:00,confirmed,recovery_close,2026-08-26T10:08:00+08:00,2026-08-26T10:07:00+08:00,pullback_recovery
,execution_parameters_unavailable,ps2611.GFEX,,,,,,,2026-08-26,LONG,"[""exact_previous_parameter_missing""]",,confirmed_pullback,,2026-08,,,2026-08-26T10:10:00+08:00,,2026-08-26T10:10:00+08:00,confirmed,recovery_close,2026-08-26T10:10:00+08:00,2026-08-26T10:09:00+08:00,pullback_recovery
2026-09-21T11:15:00+08:00,known_signal_time_parameters,lc2701.GFEX,103.53280000000001,0.3902186810536648,0.1420367358775287,0.3045082352941177,0.1568678787878788,0.1568678787878788,2026-09-21,LONG,,340,confirmed_breakout,221766.4,2026-09,660,"{""single_trade_risk"": 221766.4, ""portfolio_risk"": 44353.28, ""group_risk"": 88706.56, ""margin"": 66180.0, ""group_margin"": 132360.0}",2026-09-21T11:18:00+08:00,660,2026-09-21T11:18:00+08:00,cancelled,execution_filters,2026-09-21T11:19:00+08:00,,bucket_confirmation
2026-09-22T13:55:00+08:00,known_signal_time_parameters,AP701.CZCE,3.5,0.6781526247762453,0.23432405130904232,0.5,0.3181818181818182,0.2692307692307692,2026-09-22,SHORT,,7,confirmed_breakout,52500.0,2026-09,11,"{""single_trade_risk"": 52500.0, ""portfolio_risk"": 10500.0, ""group_risk"": 21000.0, ""margin"": 21117.0, ""group_margin"": 42234.0}",2026-09-22T13:57:00+08:00,13,2026-09-22T13:57:00+08:00,cancelled,confirmation_failed,2026-09-22T13:58:00+08:00,,bucket_confirmation
2026-09-22T14:00:00+08:00,known_signal_time_parameters,AP701.CZCE,3.5,0.7814637376070048,0.23998956573607316,0.5,0.3181818181818182,0.2692307692307692,2026-09-22,SHORT,,7,confirmed_breakout,52500.0,2026-09,11,"{""single_trade_risk"": 52500.0, ""portfolio_risk"": 10500.0, ""group_risk"": 21000.0, ""margin"": 21105.0, ""group_margin"": 42210.0}",2026-09-22T14:01:00+08:00,13,2026-09-22T14:01:00+08:00,cancelled,confirmation_failed,2026-09-22T14:02:00+08:00,,bucket_confirmation
2026-09-22T14:05:00+08:00,known_signal_time_parameters,AP701.CZCE,3.5,0.7767236148003301,0.2518094616338222,0.5,0.3181818181818182,0.2692307692307692,2026-09-22,SHORT,,7,confirmed_breakout,52500.0,2026-09,11,"{""single_trade_risk"": 52500.0, ""portfolio_risk"": 10500.0, ""group_risk"": 21000.0, ""margin"": 21114.0, ""group_margin"": 42228.0}",2026-09-22T14:06:00+08:00,13,2026-09-22T14:06:00+08:00,cancelled,execution_filters,2026-09-22T14:07:00+08:00,,bucket_confirmation
2026-09-21T11:15:00+08:00,known_signal_time_parameters,lc2701.GFEX,103.53280000000001,0.3902186810536648,0.1420367358775287,0.3045082352941177,0.1568678787878788,0.1568678787878788,2026-09-21,LONG,,340,confirmed_breakout,221766.4,2026-09,660,"{""single_trade_risk"": 221766.4, ""portfolio_risk"": 44353.28, ""group_risk"": 88706.56, ""margin"": 66180.0, ""group_margin"": 132360.0}",2026-09-21T11:18:00+08:00,660,2026-09-21T11:18:00+08:00,confirmed,continuation_close,2026-09-21T11:19:00+08:00,,lifetime
2026-09-22T13:55:00+08:00,known_signal_time_parameters,AP701.CZCE,3.5,0.6781526247762453,0.23432405130904232,0.5,0.3181818181818182,0.2692307692307692,2026-09-22,SHORT,,7,confirmed_breakout,52500.0,2026-09,11,"{""single_trade_risk"": 52500.0, ""portfolio_risk"": 10500.0, ""group_risk"": 21000.0, ""margin"": 21117.0, ""group_margin"": 42234.0}",2026-09-22T13:57:00+08:00,13,2026-09-22T13:57:00+08:00,cancelled,structure_broken,2026-09-22T14:00:00+08:00,,lifetime
2026-09-22T14:00:00+08:00,known_signal_time_parameters,AP701.CZCE,3.5,0.7814637376070048,0.23998956573607316,0.5,0.3181818181818182,0.2692307692307692,2026-09-22,SHORT,,7,confirmed_breakout,52500.0,2026-09,11,"{""single_trade_risk"": 52500.0, ""portfolio_risk"": 10500.0, ""group_risk"": 21000.0, ""margin"": 21105.0, ""group_margin"": 42210.0}",2026-09-22T14:01:00+08:00,13,2026-09-22T14:01:00+08:00,cancelled,structure_broken,2026-09-22T14:03:00+08:00,2026-09-22T13:59:00+08:00,lifetime
2026-09-22T14:05:00+08:00,known_signal_time_parameters,AP701.CZCE,3.5,0.7767236148003301,0.2518094616338222,0.5,0.3181818181818182,0.2692307692307692,2026-09-22,SHORT,,7,confirmed_breakout,52500.0,2026-09,11,"{""single_trade_risk"": 52500.0, ""portfolio_risk"": 10500.0, ""group_risk"": 21000.0, ""margin"": 21114.0, ""group_margin"": 42228.0}",2026-09-22T14:06:00+08:00,13,2026-09-22T14:06:00+08:00,confirmed,continuation_close,2026-09-22T14:07:00+08:00,,lifetime
2026-09-22T14:00:00+08:00,known_signal_time_parameters,AP701.CZCE,3.5,0.7814637376070048,0.23998956573607316,0.5,0.3181818181818182,0.2692307692307692,2026-09-22,SHORT,,7,confirmed_pullback,52500.0,2026-09,11,"{""single_trade_risk"": 52500.0, ""portfolio_risk"": 10500.0, ""group_risk"": 21000.0, ""margin"": 21105.0, ""group_margin"": 42210.0}",2026-09-22T14:01:00+08:00,13,2026-09-22T14:01:00+08:00,confirmed,recovery_close,2026-09-22T14:01:00+08:00,2026-09-22T13:59:00+08:00,pullback_recovery
