breakeven_activation_distance,channel,contract,direction,entry_time,exit_time,fixed_path_extra_tick_net,initial_risk_distance,month,net_budget_r,net_cny,net_initial_price_r,net_per_lot,profit_reference,quantity,risk_budget_utilization,trailing_activation_distance,trailing_atr_multiple,unit_price_points,variant
14.0,legacy,PX609.CZCE,SHORT,2026-07-02T11:20:00+08:00,2026-07-02T11:28:00+08:00,-286.73400000000004,14.0,2026-07,0.06776005296089863,133.266,0.09065714285714285,6.345999999999999,,21,0.983367,26.0,2.0,2.0,control
12.0,legacy,PL609.CZCE,LONG,2026-07-14T14:26:00+08:00,2026-07-14T14:31:00+08:00,-161.0,12.0,2026-07,0.06007067137809187,119.0,0.07083333333333333,17.0,,7,0.9905,23.0,2.0,1.0,control
130.0,legacy,ni2609.SHFE,SHORT,2026-07-17T13:59:00+08:00,2026-07-17T14:03:00+08:00,-1494.0,130.0,2026-07,-0.9358974358974359,-1314.0,-1.123076923076923,-146.0,,9,0.702,250.0,2.0,-140.0,control
340.0,legacy,lc2609.GFEX,LONG,2026-07-27T14:06:00+08:00,2026-07-27T14:15:00+08:00,-1881.2800000000002,340.0,2026-07,-0.9553427440839438,-1721.2800000000002,-1.2656470588235296,-430.32000000000005,,4,0.9018279013450067,660.0,2.0,-360.0,control
19.0,legacy,ag2610.SHFE,LONG,2026-07-30T09:25:00+08:00,2026-07-30T09:37:00+08:00,887.0616,19.0,2026-07,1.0199734113767365,977.0616,1.1427621052631578,325.6872,,3,0.4803009342241589,38.0,2.0,22.0,control
14.0,legacy,PX609.CZCE,SHORT,2026-07-02T11:20:00+08:00,2026-07-02T11:28:00+08:00,-286.73400000000004,14.0,2026-07,0.06776005296089863,133.266,0.09065714285714285,6.345999999999999,,21,0.983367,26.0,2.0,2.0,bucket_confirmation
12.0,legacy,PL609.CZCE,LONG,2026-07-14T14:26:00+08:00,2026-07-14T14:31:00+08:00,-161.0,12.0,2026-07,0.06007067137809187,119.0,0.07083333333333333,17.0,,7,0.9905,23.0,2.0,1.0,bucket_confirmation
130.0,legacy,ni2609.SHFE,SHORT,2026-07-17T13:59:00+08:00,2026-07-17T14:03:00+08:00,-1494.0,130.0,2026-07,-0.9358974358974359,-1314.0,-1.123076923076923,-146.0,,9,0.702,250.0,2.0,-140.0,bucket_confirmation
340.0,legacy,lc2609.GFEX,LONG,2026-07-27T14:06:00+08:00,2026-07-27T14:15:00+08:00,-1881.2800000000002,340.0,2026-07,-0.9553427440839438,-1721.2800000000002,-1.2656470588235296,-430.32000000000005,,4,0.9018279013450067,660.0,2.0,-360.0,bucket_confirmation
19.0,legacy,ag2610.SHFE,LONG,2026-07-30T09:25:00+08:00,2026-07-30T09:37:00+08:00,887.0616,19.0,2026-07,1.0199734113767365,977.0616,1.1427621052631578,325.6872,,3,0.4803009342241589,38.0,2.0,22.0,bucket_confirmation
14.0,legacy,PX609.CZCE,SHORT,2026-07-02T11:20:00+08:00,2026-07-02T11:28:00+08:00,-286.73400000000004,14.0,2026-07,0.06776005296089863,133.266,0.09065714285714285,6.345999999999999,,21,0.983367,26.0,2.0,2.0,lifetime
12.0,legacy,PL609.CZCE,LONG,2026-07-14T14:26:00+08:00,2026-07-14T14:31:00+08:00,-161.0,12.0,2026-07,0.06007067137809187,119.0,0.07083333333333333,17.0,,7,0.9905,23.0,2.0,1.0,lifetime
130.0,legacy,ni2609.SHFE,SHORT,2026-07-17T13:59:00+08:00,2026-07-17T14:03:00+08:00,-1494.0,130.0,2026-07,-0.9358974358974359,-1314.0,-1.123076923076923,-146.0,,9,0.702,250.0,2.0,-140.0,lifetime
340.0,legacy,lc2609.GFEX,LONG,2026-07-27T14:06:00+08:00,2026-07-27T14:15:00+08:00,-1881.2800000000002,340.0,2026-07,-0.9553427440839438,-1721.2800000000002,-1.2656470588235296,-430.32000000000005,,4,0.9018279013450067,660.0,2.0,-360.0,lifetime
19.0,legacy,ag2610.SHFE,LONG,2026-07-30T09:25:00+08:00,2026-07-30T09:37:00+08:00,887.0616,19.0,2026-07,1.0199734113767365,977.0616,1.1427621052631578,325.6872,,3,0.4803009342241589,38.0,2.0,22.0,lifetime
12.0,confirmed_pullback,PR609.CZCE,SHORT,2026-07-02T09:52:00+08:00,2026-07-02T09:57:00+08:00,-2198.76,12.0,2026-07,-0.8774735036451633,-1718.76,-1.1935833333333332,-214.845,,8,0.97938,22.0,2.0,-14.0,pullback_recovery
14.0,legacy,PX609.CZCE,SHORT,2026-07-02T11:20:00+08:00,2026-07-02T11:28:00+08:00,-286.73400000000004,14.0,2026-07,0.06776005296089863,133.266,0.09065714285714285,6.345999999999999,,21,0.9850600818663084,26.0,2.0,2.0,pullback_recovery
14.0,confirmed_pullback,PX609.CZCE,SHORT,2026-07-02T13:37:00+08:00,2026-07-02T13:40:00+08:00,-286.587,14.0,2026-07,0.06783986673358464,133.41299999999998,0.09075714285714284,6.352999999999999,,21,0.9848549816642987,26.0,2.0,2.0,pullback_recovery
12.0,legacy,PL609.CZCE,LONG,2026-07-14T14:26:00+08:00,2026-07-14T14:31:00+08:00,-161.0,12.0,2026-07,0.06007067137809187,119.0,0.07083333333333333,17.0,,7,0.9919403777757011,23.0,2.0,1.0,pullback_recovery
130.0,legacy,ni2609.SHFE,SHORT,2026-07-17T13:59:00+08:00,2026-07-17T14:03:00+08:00,-1494.0,130.0,2026-07,-0.9358974358974359,-1314.0,-1.123076923076923,-146.0,,9,0.7029370720549522,250.0,2.0,-140.0,pullback_recovery
340.0,legacy,lc2609.GFEX,LONG,2026-07-27T14:06:00+08:00,2026-07-27T14:15:00+08:00,-1881.2800000000002,340.0,2026-07,-0.9553427440839438,-1721.2800000000002,-1.2656470588235296,-430.32000000000005,,4,0.9032614061061369,660.0,2.0,-360.0,pullback_recovery
19.0,legacy,ag2610.SHFE,LONG,2026-07-30T09:25:00+08:00,2026-07-30T09:37:00+08:00,887.0616,19.0,2026-07,1.0199734113767365,977.0616,1.1427621052631578,325.6872,,3,0.48106571872411147,38.0,2.0,22.0,pullback_recovery
36.0,legacy,PX609.CZCE,SHORT,2026-07-02T11:20:00+08:00,2026-07-02T13:31:00+08:00,-1112.886,36.0,2026-07,-0.5089710980388306,-932.886,-0.5758555555555556,-103.654,,9,0.916443,68.0,2.0,-20.0,structure_coupled
25.0,legacy,PL609.CZCE,LONG,2026-07-14T14:26:00+08:00,2026-07-14T14:31:00+08:00,51.0,25.0,2026-07,0.10497237569060773,171.0,0.114,57.0,,3,0.8152605451489219,48.0,2.0,3.0,structure_coupled
350.0,legacy,ni2609.SHFE,SHORT,2026-07-17T13:59:00+08:00,2026-07-17T14:10:00+08:00,-880.0,350.0,2026-07,-0.4148936170212766,-780.0,-0.44571428571428573,-156.0,,5,0.9407167188980944,660.0,2.0,-150.0,structure_coupled
880.0,legacy,lc2609.GFEX,LONG,2026-07-27T14:06:00+08:00,2026-07-27T14:36:00+08:00,-380.8192,880.0,2026-07,-0.15186213090972536,-300.8192,-0.17092000000000002,-150.4096,,2,0.9919646964779938,1720.0,2.0,-80.0,structure_coupled
46.0,legacy,ag2610.SHFE,LONG,2026-07-30T09:25:00+08:00,2026-07-30T09:49:00+08:00,-38.619299999999996,46.0,2026-07,0.01475936736988815,21.3807,0.015493260869565218,10.69035,,2,0.7256466528605888,92.0,2.0,1.0,structure_coupled
14.0,legacy,PX609.CZCE,SHORT,2026-07-02T11:20:00+08:00,2026-07-02T11:28:00+08:00,-122.886,36.0,2026-07,0.03116069411845581,57.114,0.035255555555555554,6.346,"{""signal_time"": ""2026-07-02T11:20:00+08:00"", ""stop_ticks"": 7, ""target_ticks"": 13, ""tick_size"": 2}",9,0.916443,26.0,2.0,2.0,stop_only
12.0,legacy,PL609.CZCE,LONG,2026-07-14T14:26:00+08:00,2026-07-14T14:31:00+08:00,-69.0,25.0,2026-07,0.03130755064456722,51.0,0.034,17.0,"{""signal_time"": ""2026-07-14T14:26:00+08:00"", ""stop_ticks"": 12, ""target_ticks"": 23, ""tick_size"": 1}",3,0.8145,23.0,2.0,1.0,stop_only
130.0,legacy,ni2609.SHFE,SHORT,2026-07-17T13:59:00+08:00,2026-07-17T14:10:00+08:00,-880.0,350.0,2026-07,-0.4148936170212766,-780.0,-0.44571428571428573,-156.0,"{""signal_time"": ""2026-07-17T13:59:00+08:00"", ""stop_ticks"": 13, ""target_ticks"": 25, ""tick_size"": 10}",5,0.94,250.0,2.0,-150.0,stop_only
340.0,legacy,lc2609.GFEX,LONG,2026-07-27T14:06:00+08:00,2026-07-27T14:23:00+08:00,-60.92160000000001,880.0,2026-07,0.009631321665465842,19.078399999999988,0.010839999999999994,9.539199999999994,"{""signal_time"": ""2026-07-27T14:06:00+08:00"", ""stop_ticks"": 17, ""target_ticks"": 33, ""tick_size"": 20}",2,0.99110110695835,660.0,2.0,80.0,stop_only
340.0,legacy,lc2609.GFEX,LONG,2026-07-27T14:27:00+08:00,2026-07-27T14:36:00+08:00,-570.4704,940.0,2026-07,-0.5049129197911781,-530.4704,-0.5643302127659575,-530.4704,"{""signal_time"": ""2026-07-27T14:27:00+08:00"", ""stop_ticks"": 17, ""target_ticks"": 33, ""tick_size"": 20}",1,0.5256519495876457,660.0,2.0,-460.0,stop_only
19.0,legacy,ag2610.SHFE,LONG,2026-07-30T09:25:00+08:00,2026-07-30T09:37:00+08:00,591.3744,46.0,2026-07,0.44965197888471714,651.3744,0.47201043478260873,325.6872,"{""signal_time"": ""2026-07-30T09:25:00+08:00"", ""stop_ticks"": 19, ""target_ticks"": 38, ""tick_size"": 1}",2,0.7251675748376186,38.0,2.0,22.0,stop_only
14.0,legacy,PX609.CZCE,SHORT,2026-07-02T11:20:00+08:00,2026-07-02T11:28:00+08:00,-286.73400000000004,14.0,2026-07,0.06776005296089863,133.266,0.09065714285714285,6.345999999999999,"{""signal_time"": ""2026-07-02T11:20:00+08:00"", ""stop_ticks"": 7, ""target_ticks"": 13, ""tick_size"": 2}",21,0.983367,26.0,3.0,2.0,profit_only
12.0,legacy,PL609.CZCE,LONG,2026-07-14T14:26:00+08:00,2026-07-14T14:31:00+08:00,-161.0,12.0,2026-07,0.06007067137809187,119.0,0.07083333333333333,17.0,"{""signal_time"": ""2026-07-14T14:26:00+08:00"", ""stop_ticks"": 12, ""target_ticks"": 23, ""tick_size"": 1}",7,0.9905,23.0,3.0,1.0,profit_only
130.0,legacy,ni2609.SHFE,SHORT,2026-07-17T13:59:00+08:00,2026-07-17T14:03:00+08:00,-1494.0,130.0,2026-07,-0.9358974358974359,-1314.0,-1.123076923076923,-146.0,"{""signal_time"": ""2026-07-17T13:59:00+08:00"", ""stop_ticks"": 13, ""target_ticks"": 25, ""tick_size"": 10}",9,0.702,250.0,3.0,-140.0,profit_only
340.0,legacy,lc2609.GFEX,LONG,2026-07-27T14:06:00+08:00,2026-07-27T14:15:00+08:00,-1881.2800000000002,340.0,2026-07,-0.9553427440839438,-1721.2800000000002,-1.2656470588235296,-430.32000000000005,"{""signal_time"": ""2026-07-27T14:06:00+08:00"", ""stop_ticks"": 17, ""target_ticks"": 33, ""tick_size"": 20}",4,0.9018279013450067,660.0,3.0,-360.0,profit_only
19.0,legacy,ag2610.SHFE,LONG,2026-07-30T09:25:00+08:00,2026-07-30T09:39:00+08:00,167.0688,19.0,2026-07,0.2683590685526112,257.0688,0.30066526315789477,85.6896,"{""signal_time"": ""2026-07-30T09:25:00+08:00"", ""stop_ticks"": 19, ""target_ticks"": 38, ""tick_size"": 1}",3,0.4803009342241589,38.0,3.0,6.0,profit_only
14.0,legacy,PX609.CZCE,SHORT,2026-07-02T11:20:00+08:00,2026-07-02T11:28:00+08:00,-122.886,36.0,2026-07,0.03116069411845581,57.114,0.035255555555555554,6.346,"{""signal_time"": ""2026-07-02T11:20:00+08:00"", ""stop_ticks"": 7, ""target_ticks"": 13, ""tick_size"": 2}",9,0.916443,26.0,3.0,2.0,stop_profit
12.0,legacy,PL609.CZCE,LONG,2026-07-14T14:26:00+08:00,2026-07-14T14:31:00+08:00,-69.0,25.0,2026-07,0.03130755064456722,51.0,0.034,17.0,"{""signal_time"": ""2026-07-14T14:26:00+08:00"", ""stop_ticks"": 12, ""target_ticks"": 23, ""tick_size"": 1}",3,0.8145,23.0,3.0,1.0,stop_profit
130.0,legacy,ni2609.SHFE,SHORT,2026-07-17T13:59:00+08:00,2026-07-17T14:10:00+08:00,-880.0,350.0,2026-07,-0.4148936170212766,-780.0,-0.44571428571428573,-156.0,"{""signal_time"": ""2026-07-17T13:59:00+08:00"", ""stop_ticks"": 13, ""target_ticks"": 25, ""tick_size"": 10}",5,0.94,250.0,3.0,-150.0,stop_profit
340.0,legacy,lc2609.GFEX,LONG,2026-07-27T14:06:00+08:00,2026-07-27T14:23:00+08:00,-60.92160000000001,880.0,2026-07,0.009631321665465842,19.078399999999988,0.010839999999999994,9.539199999999994,"{""signal_time"": ""2026-07-27T14:06:00+08:00"", ""stop_ticks"": 17, ""target_ticks"": 33, ""tick_size"": 20}",2,0.99110110695835,660.0,3.0,80.0,stop_profit
340.0,legacy,lc2609.GFEX,LONG,2026-07-27T14:27:00+08:00,2026-07-27T14:36:00+08:00,-570.4704,940.0,2026-07,-0.5049129197911781,-530.4704,-0.5643302127659575,-530.4704,"{""signal_time"": ""2026-07-27T14:27:00+08:00"", ""stop_ticks"": 17, ""target_ticks"": 33, ""tick_size"": 20}",1,0.5256519495876457,660.0,3.0,-460.0,stop_profit
19.0,legacy,ag2610.SHFE,LONG,2026-07-30T09:25:00+08:00,2026-07-30T09:39:00+08:00,111.3792,46.0,2026-07,0.11830522725437123,171.3792,0.12418782608695653,85.6896,"{""signal_time"": ""2026-07-30T09:25:00+08:00"", ""stop_ticks"": 19, ""target_ticks"": 38, ""tick_size"": 1}",2,0.7251675748376186,38.0,3.0,6.0,stop_profit
7.0,confirmed_breakout,fu2611.SHFE,LONG,2026-08-14T11:25:00+08:00,2026-08-14T11:30:00+08:00,-227.7704,7.0,2026-08,0.1067676629051323,212.2296,0.13781142857142858,9.6468,,22,0.9938852,14.0,2.0,1.0,lifetime
7.0,confirmed_pullback,fu2611.SHFE,LONG,2026-08-14T11:05:00+08:00,2026-08-14T11:14:00+08:00,1092.2538,7.0,2026-08,0.7708498197606918,1532.2538,0.99497,69.64789999999999,,22,0.9938731000000001,14.0,2.0,7.0,pullback_recovery
500.0,legacy,lc2701.GFEX,SHORT,2026-09-16T09:31:00+08:00,2026-09-16T10:10:00+08:00,7078.9056,500.0,2026-09,3.9917278824656655,7198.9056,4.7992704,2399.6352,,3,0.9017280000000001,980.0,2.0,2460.0,control
340.0,legacy,lc2701.GFEX,LONG,2026-09-17T11:27:00+08:00,2026-09-17T13:30:00+08:00,1987.0976,340.0,2026-09,1.2115884664278287,2147.0976,1.5787482352941178,536.7744,,4,0.8860671999999999,660.0,2.0,600.0,control
500.0,legacy,lc2701.GFEX,SHORT,2026-09-16T09:31:00+08:00,2026-09-16T10:10:00+08:00,7078.9056,500.0,2026-09,3.9917278824656655,7198.9056,4.7992704,2399.6352,,3,0.9017280000000001,980.0,2.0,2460.0,bucket_confirmation
340.0,legacy,lc2701.GFEX,LONG,2026-09-17T11:27:00+08:00,2026-09-17T13:30:00+08:00,1987.0976,340.0,2026-09,1.2115884664278287,2147.0976,1.5787482352941178,536.7744,,4,0.8860671999999999,660.0,2.0,600.0,bucket_confirmation
500.0,legacy,lc2701.GFEX,SHORT,2026-09-16T09:31:00+08:00,2026-09-16T10:10:00+08:00,7078.9056,500.0,2026-09,3.9917278824656655,7198.9056,4.7992704,2399.6352,,3,0.9017280000000001,980.0,2.0,2460.0,lifetime
340.0,legacy,lc2701.GFEX,LONG,2026-09-17T11:27:00+08:00,2026-09-17T13:30:00+08:00,1987.0976,340.0,2026-09,1.2115884664278287,2147.0976,1.5787482352941178,536.7744,,4,0.8860671999999999,660.0,2.0,600.0,lifetime
500.0,legacy,lc2701.GFEX,SHORT,2026-09-16T09:31:00+08:00,2026-09-16T10:10:00+08:00,7078.9056,500.0,2026-09,3.9917278824656655,7198.9056,4.7992704,2399.6352,,3,0.9017280000000001,980.0,2.0,2460.0,pullback_recovery
340.0,legacy,lc2701.GFEX,LONG,2026-09-17T11:27:00+08:00,2026-09-17T13:30:00+08:00,1987.0976,340.0,2026-09,1.2115884664278287,2147.0976,1.5787482352941178,536.7744,,4,0.8860671999999999,660.0,2.0,600.0,pullback_recovery
1620.0,legacy,lc2701.GFEX,SHORT,2026-09-16T09:31:00+08:00,2026-09-16T10:10:00+08:00,2359.6352,1620.0,2026-09,1.3942029524411557,2399.6352,1.4812562962962963,2399.6352,,1,0.860576,3160.0,2.0,2460.0,structure_coupled
1360.0,legacy,lc2701.GFEX,LONG,2026-09-17T11:27:00+08:00,2026-09-17T13:30:00+08:00,496.7744,1360.0,2026-09,0.36689136872864714,536.7744,0.39468705882352945,536.7744,,1,0.7315168,2640.0,2.0,600.0,structure_coupled
500.0,legacy,lc2701.GFEX,SHORT,2026-09-16T09:31:00+08:00,2026-09-16T10:10:00+08:00,2359.6352,1620.0,2026-09,1.3942029524411557,2399.6352,1.4812562962962963,2399.6352,"{""signal_time"": ""2026-09-16T09:31:00+08:00"", ""stop_ticks"": 25, ""target_ticks"": 49, ""tick_size"": 20}",1,0.860576,980.0,2.0,2460.0,stop_only
340.0,legacy,lc2701.GFEX,LONG,2026-09-17T11:27:00+08:00,2026-09-17T13:30:00+08:00,496.7744,1360.0,2026-09,0.36689136872864714,536.7744,0.39468705882352945,536.7744,"{""signal_time"": ""2026-09-17T11:27:00+08:00"", ""stop_ticks"": 17, ""target_ticks"": 33, ""tick_size"": 20}",1,0.7315168,660.0,2.0,600.0,stop_only
500.0,legacy,lc2701.GFEX,SHORT,2026-09-16T09:31:00+08:00,2026-09-16T10:37:00+08:00,6298.656,500.0,2026-09,3.559086553816672,6418.656,4.279104,2139.552,"{""signal_time"": ""2026-09-16T09:31:00+08:00"", ""stop_ticks"": 25, ""target_ticks"": 49, ""tick_size"": 20}",3,0.9017280000000001,980.0,3.0,2200.0,profit_only
340.0,legacy,lc2701.GFEX,LONG,2026-09-17T11:27:00+08:00,2026-09-17T13:30:00+08:00,1987.0976,340.0,2026-09,1.2115884664278287,2147.0976,1.5787482352941178,536.7744,"{""signal_time"": ""2026-09-17T11:27:00+08:00"", ""stop_ticks"": 17, ""target_ticks"": 33, ""tick_size"": 20}",4,0.8860671999999999,660.0,3.0,600.0,profit_only
500.0,legacy,lc2701.GFEX,SHORT,2026-09-16T09:31:00+08:00,2026-09-16T10:37:00+08:00,2099.552,1620.0,2026-09,1.2430929981779646,2139.552,1.3207111111111112,2139.552,"{""signal_time"": ""2026-09-16T09:31:00+08:00"", ""stop_ticks"": 25, ""target_ticks"": 49, ""tick_size"": 20}",1,0.860576,980.0,3.0,2200.0,stop_profit
340.0,legacy,lc2701.GFEX,LONG,2026-09-17T11:27:00+08:00,2026-09-17T13:30:00+08:00,496.7744,1360.0,2026-09,0.36689136872864714,536.7744,0.39468705882352945,536.7744,"{""signal_time"": ""2026-09-17T11:27:00+08:00"", ""stop_ticks"": 17, ""target_ticks"": 33, ""tick_size"": 20}",1,0.7315168,660.0,3.0,600.0,stop_profit
