variant,month,id,contract,direction,entry_signal_time,entry_time,exit_signal_time,exit_time,entry_price,exit_price,quantity,exit_reason,holding_minutes,wall_minutes,fees,net_pnl,cost_atr
combined,2026-07,1,PX609.CZCE,SHORT,2026-07-02T11:20:00+08:00,2026-07-02T11:20:00+08:00,2026-07-02T11:28:00+08:00,2026-07-02T11:28:00+08:00,7308.0,7306.0,21,breakeven_stop,8.0,8.0,76.73400000000001,133.266,0.436310498558197
combined,2026-07,2,PL609.CZCE,LONG,2026-07-14T14:26:00+08:00,2026-07-14T14:26:00+08:00,2026-07-14T14:31:00+08:00,2026-07-14T14:31:00+08:00,7568.0,7569.0,7,breakeven_stop,5.0,5.0,21.0,119.0,0.25943608773183735
combined,2026-07,3,ni2609.SHFE,SHORT,2026-07-17T13:59:00+08:00,2026-07-17T13:59:00+08:00,2026-07-17T14:03:00+08:00,2026-07-17T14:03:00+08:00,128680.0,128820.0,9,fixed_stop,4.0,4.0,54.0,-1314.0,0.2066431154952138
combined,2026-07,4,lc2609.GFEX,LONG,2026-07-27T14:06:00+08:00,2026-07-27T14:06:00+08:00,2026-07-27T14:15:00+08:00,2026-07-27T14:15:00+08:00,146740.0,146380.0,4,fixed_stop,9.0,9.0,281.28000000000003,-1721.2800000000002,0.3497613522912387
combined,2026-07,5,lc2609.GFEX,LONG,2026-07-27T14:25:00+08:00,2026-07-27T14:25:00+08:00,2026-07-27T14:32:00+08:00,2026-07-27T14:32:00+08:00,147000.0,146640.0,4,fixed_stop,7.0,7.0,281.77920000000006,-1721.7792,0.4158055184124753
combined,2026-07,6,ag2610.SHFE,LONG,2026-07-30T09:25:00+08:00,2026-07-30T09:25:00+08:00,2026-07-30T09:37:00+08:00,2026-07-30T09:37:00+08:00,14365.0,14387.0,3,trailing_stop,12.0,12.0,12.938400000000001,977.0616,0.12354827275289244
combined,2026-09,1,lc2701.GFEX,SHORT,2026-09-16T09:31:00+08:00,2026-09-16T09:31:00+08:00,2026-09-16T10:10:00+08:00,2026-09-16T10:10:00+08:00,127400.0,124940.0,3,trailing_stop,39.0,39.0,181.09440000000004,7198.9056,0.20855983420422178
combined,2026-09,2,lc2701.GFEX,LONG,2026-09-17T11:27:00+08:00,2026-09-17T11:27:00+08:00,2026-09-17T11:30:00+08:00,2026-09-17T13:30:00+08:00,131320.0,131920.0,4,volume,3.0,123.0,252.90240000000003,2147.0976,0.32157549731912277
control,2026-07,1,PX609.CZCE,SHORT,2026-07-02T11:20:00+08:00,2026-07-02T11:20:00+08:00,2026-07-02T13:30:00+08:00,2026-07-02T13:30:00+08:00,7308.0,7326.0,21,fixed_stop,10.0,130.0,76.73400000000001,-1966.734,0.436310498558197
control,2026-07,2,PL609.CZCE,LONG,2026-07-14T14:26:00+08:00,2026-07-14T14:26:00+08:00,2026-07-14T14:31:00+08:00,2026-07-14T14:31:00+08:00,7568.0,7571.0,7,volume,5.0,5.0,21.0,399.0,0.25943608773183735
control,2026-07,3,ni2609.SHFE,SHORT,2026-07-17T13:59:00+08:00,2026-07-17T13:59:00+08:00,2026-07-17T14:03:00+08:00,2026-07-17T14:03:00+08:00,128680.0,128820.0,9,fixed_stop,4.0,4.0,54.0,-1314.0,0.2066431154952138
control,2026-07,4,lc2609.GFEX,LONG,2026-07-27T14:06:00+08:00,2026-07-27T14:06:00+08:00,2026-07-27T14:15:00+08:00,2026-07-27T14:15:00+08:00,146740.0,146380.0,4,fixed_stop,9.0,9.0,281.28000000000003,-1721.2800000000002,0.3497613522912387
control,2026-07,5,lc2609.GFEX,LONG,2026-07-27T14:25:00+08:00,2026-07-27T14:25:00+08:00,2026-07-27T14:32:00+08:00,2026-07-27T14:32:00+08:00,147000.0,146640.0,4,fixed_stop,7.0,7.0,281.77920000000006,-1721.7792,0.4158055184124753
control,2026-07,6,ag2610.SHFE,LONG,2026-07-30T09:25:00+08:00,2026-07-30T09:25:00+08:00,2026-07-30T09:37:00+08:00,2026-07-30T09:37:00+08:00,14365.0,14387.0,3,trailing_stop,12.0,12.0,12.938400000000001,977.0616,0.12354827275289244
control,2026-08,1,ec2610.INE,LONG,2026-08-03T14:05:00+08:00,2026-08-03T14:05:00+08:00,2026-08-03T14:20:00+08:00,2026-08-03T14:20:00+08:00,1807.0,1802.0,3,ma40_cross,15.0,15.0,486.99,-1236.99,0.881803372341322
control,2026-08,2,ec2610.INE,LONG,2026-08-17T11:21:00+08:00,2026-08-17T11:21:00+08:00,2026-08-17T11:28:00+08:00,2026-08-17T11:28:00+08:00,1741.0,1732.0,3,fixed_stop,7.0,7.0,468.45,-1818.45,0.9320446811653041
control,2026-08,3,ec2610.INE,LONG,2026-08-21T14:07:00+08:00,2026-08-21T14:07:00+08:00,2026-08-21T14:09:00+08:00,2026-08-21T14:09:00+08:00,1920.5,1916.5,2,ma40_cross,2.0,2.0,345.21,-745.21,0.8549255928339968
control,2026-08,4,ec2610.INE,LONG,2026-08-24T10:51:00+08:00,2026-08-24T10:51:00+08:00,2026-08-24T10:56:00+08:00,2026-08-24T10:56:00+08:00,1992.5,1982.5,2,fixed_stop,5.0,5.0,357.44999999999993,-1357.4499999999998,0.687325100557554
control,2026-09,1,lc2701.GFEX,SHORT,2026-09-16T09:31:00+08:00,2026-09-16T09:31:00+08:00,2026-09-16T10:10:00+08:00,2026-09-16T10:10:00+08:00,127400.0,124940.0,3,trailing_stop,39.0,39.0,181.09440000000004,7198.9056,0.20855983420422178
control,2026-09,2,lc2701.GFEX,LONG,2026-09-17T11:27:00+08:00,2026-09-17T11:27:00+08:00,2026-09-17T11:30:00+08:00,2026-09-17T13:30:00+08:00,131320.0,131920.0,4,volume,3.0,123.0,252.90240000000003,2147.0976,0.32157549731912277
