economic_complete,extra_tick_net_atr,horizon,mae_atr,mfe_atr,mfe_less_signal_cost_atr,month,net_atr,net_bps,rank_group,raw_atr,raw_bps,raw_complete,rows,trading_days
198,-1.2469316749832893,5,1.1119807803466635,0.9655064158908616,0.34566260592458387,2026-07,-0.7870134224714481,-9.506926383576689,rank_1_2,-0.136994007868916,-3.4015982160001603,241,241,23
238,-1.6198037076890919,5,1.069612861092401,1.0341425791892949,0.1728598772099525,2026-07,-0.8729702276201327,-6.358889122041903,rank_3_5,-0.038441621855974176,-1.5744308259783701,307,307,23
1107,-1.742970706225073,5,4.296825574116944,1.0419745254073853,-0.4961364040617212,2026-07,-0.9876039683908282,-7.354213369671767,rank_6_plus,-3.2460371810108186,-1.009996409192043,1722,1722,23
197,-1.2313184034786098,15,2.0063558881268686,1.662287929071066,0.9980782189101634,2026-07,-0.7769891792189985,-8.352796098889762,rank_1_2,-0.25787543513152617,-3.9161756748365333,241,241,23
238,-1.4836984823481159,15,1.7771084641554282,1.7781552927307782,0.9546439386240622,2026-07,-0.736865002279133,-5.075629759760628,rank_3_5,-0.009614873856098145,-1.7326570095683274,307,307,23
1107,-1.8842685852139223,15,5.2947711172685175,1.8476704832151682,0.23757557439400162,2026-07,-1.1169621294017245,-6.783127805403284,rank_6_plus,-1.6967601199184583,-0.4918805579760277,1722,1722,23
197,-1.1680940089082572,30,2.7874682522624115,2.567581745324209,1.9715389432158743,2026-07,-0.7020093965561347,-5.151610324306614,rank_1_2,-0.23638979564919665,-2.12655212516547,241,241,23
237,-1.1110977725119018,30,2.3906430337709113,2.6261008085312985,1.8083798916200728,2026-07,-0.367612594973742,0.5413338589412816,rank_3_5,0.3064997367478015,2.4772703485260466,307,307,23
1105,-1.8929801103855,30,9.748439640743873,2.636781785479704,1.0674126889666562,2026-07,-1.1280008746066712,-8.171566455322436,rank_6_plus,-3.671029788697401,-2.2929808044421884,1722,1722,23
177,-1.2166856708198142,5,171.64727245458417,1.0165125603621188,-13.878528043359747,2026-08,-0.7984128453796747,-11.359997405729535,rank_1_2,-170.3075252812879,-1.6501093943359828,215,215,21
255,-1.6861487576499736,5,1.195040061111792,0.9421845105562541,0.13465073435239427,2026-08,-1.0322180859170063,-7.390802976445338,rank_3_5,-0.2952613794840832,-1.845676497267561,295,295,21
1022,-1.7274080416962911,5,1.3262621610496386,1.0526033315128203,0.1785498320060195,2026-08,-0.9957672399145734,-7.976350609584051,rank_6_plus,-0.28142781963687086,-1.4392887306108635,1668,1668,21
177,-1.3947851883185023,15,172.34152030631714,37.772401056432194,28.009951424254865,2026-08,-0.9765123628784083,-16.546160618721263,rank_1_2,35.979273089928405,-2.6233122101936606,215,215,21
255,-1.5834782826578995,15,1.920200197946095,1.7151830242021315,0.8504297441531354,2026-08,-0.9295476109249947,-6.686594878505061,rank_3_5,-0.20702360047748497,-1.3326352906726313,295,295,21
1023,-1.775739503504703,15,2.2330286021549783,1.854929100771687,0.9350197933651285,2026-08,-1.0331592648248846,-8.507944278300332,rank_6_plus,-0.4009556602481615,-1.4209225115454696,1668,1668,21
177,-1.3353607719492988,30,173.13463848737757,38.60415695998239,28.856970844416466,2026-08,-0.9170879465092177,-17.525154903037127,rank_1_2,35.92042059520287,-4.632698456399281,215,215,21
255,-1.6217660960816749,30,2.7243261681862188,2.3523408449074346,1.4756712802135457,2026-08,-0.9678354243487155,-4.0265978510080505,rank_3_5,-0.27992246067852083,0.7971453430005917,295,295,21
1021,-1.9301098884766266,30,3.2188591749959166,2.624379828288324,1.6289130689902305,2026-08,-1.1958650455011062,-9.747454233645957,rank_6_plus,-0.6242109180894577,-1.5134293789919628,1668,1668,21
42,-1.4503368102756247,5,1.2345062697897518,0.9691018069188249,0.4239461534869602,2026-09,-0.983505454942941,-14.031258306945157,rank_1_2,-0.24030105724175235,-3.604508857120347,77,77,8
35,-1.6555519356515587,5,1.1163878726264178,1.0235939740016424,0.1571636258961613,2026-09,-1.0008113601889628,-7.222918643606215,rank_3_5,0.0007370771548020905,1.259109647257164,97,97,8
284,-1.5884701013034623,5,1.2124286973580325,1.25482034039013,0.20878995938187497,2026-09,-0.9010019763276287,-5.347113303206811,rank_6_plus,0.017168163813564716,0.47908302882415094,748,748,8
42,-1.6465907397719637,15,2.208426723825376,1.5705159334480399,0.91785517040614,2026-09,-1.1797593844393108,-12.70951329126569,rank_1_2,-0.6402353373471628,-8.275657533986216,77,77,8
35,-2.152961513841346,15,2.0296522526659464,1.7324922990617133,0.8974744797037402,2026-09,-1.4982209383788363,-15.419148137824692,rank_3_5,-0.14626576567837546,-1.3778113282025397,97,97,8
287,-1.6774787063505268,15,2.0892890803960418,2.33396518995655,1.028342342010842,2026-09,-0.965253865836246,-6.1897450658850595,rank_6_plus,-0.10511345426707709,1.131749023319774,748,748,8
42,-1.916333256078461,30,3.433040458504876,2.047745743177965,1.5113847777861535,2026-09,-1.4495019007458025,-11.890667936504942,rank_1_2,-1.5058227422499255,-18.25310171887699,77,77,8
35,-1.2832527039271473,30,2.5750909903590347,2.5070860282155745,1.6924972323836869,2026-09,-0.6285121284644875,0.6667987081052278,rank_3_5,0.025018150810925337,0.9089360633658116,97,97,8
284,-1.7056022074025963,30,3.1944085464592327,3.081471102660399,1.7236792315336322,2026-09,-1.010171602506007,-8.774247185258067,rank_6_plus,-0.22840495029885655,-1.7106789002115192,748,748,8
