variant,month,contract,direction,entry_time,entry_signal_time,exit_time,exit_reason,holding_minutes,net_pnl,entry_channel,entry_price,stop_price,stop_distance,atr_1m_previous,atr_5m_previous,atr_5m_source_end,stop_atr_5m,verified_favorable_initial_r,intrabar_exit_extrema_excluded
control,2026-07,PX609.CZCE,SHORT,2026-07-02T11:20:00+08:00,2026-07-02T11:20:00+08:00,2026-07-02T11:28:00+08:00,breakeven_stop,8.0,133.266,direct,7308.0,7322.0,14.0,10.842737031616455,28.260953092184295,2026-07-02T11:20:00+08:00,0.49538315124523413,1.2857142857142858,True
control,2026-07,PL609.CZCE,LONG,2026-07-14T14:26:00+08:00,2026-07-14T14:26:00+08:00,2026-07-14T14:31:00+08:00,breakeven_stop,5.0,119.0,direct,7568.0,7556.0,12.0,8.287204832591827,25.986301584266187,2026-07-14T14:25:00+08:00,0.46178175686476247,1.75,True
control,2026-07,ni2609.SHFE,SHORT,2026-07-17T13:59:00+08:00,2026-07-17T13:59:00+08:00,2026-07-17T14:03:00+08:00,fixed_stop,4.0,-1314.0,direct,128680.0,128810.0,130.0,125.82078980803115,335.5230534392905,2026-07-17T13:55:00+08:00,0.38745474764678783,0.07692307692307693,True
control,2026-07,lc2609.GFEX,LONG,2026-07-27T14:06:00+08:00,2026-07-27T14:06:00+08:00,2026-07-27T14:15:00+08:00,fixed_stop,9.0,-1721.2800000000002,direct,146740.0,146400.0,340.0,315.7444333873772,676.7984320672226,2026-07-27T14:05:00+08:00,0.5023652300161205,0.8823529411764706,True
control,2026-07,ag2610.SHFE,LONG,2026-07-30T09:25:00+08:00,2026-07-30T09:25:00+08:00,2026-07-30T09:37:00+08:00,trailing_stop,12.0,977.0616,direct,14365.0,14346.0,19.0,18.51341139001436,41.92090132873892,2026-07-30T09:25:00+08:00,0.45323452973981093,2.8421052631578947,True
control,2026-09,lc2701.GFEX,SHORT,2026-09-16T09:31:00+08:00,2026-09-16T09:31:00+08:00,2026-09-16T10:10:00+08:00,trailing_stop,39.0,7198.9056,direct,127400.0,127900.0,500.0,485.0023034682314,1000.3865873013659,2026-09-16T09:30:00+08:00,0.4998067810453113,6.76,True
control,2026-09,lc2701.GFEX,LONG,2026-09-17T11:27:00+08:00,2026-09-17T11:27:00+08:00,2026-09-17T13:30:00+08:00,volume,3.0,2147.0976,direct,131320.0,130980.0,340.0,320.40252089776686,826.8596215701141,2026-09-17T11:25:00+08:00,0.4111943443971517,1.8823529411764706,True
pool,2026-07,PX609.CZCE,SHORT,2026-07-02T11:20:00+08:00,2026-07-02T11:20:00+08:00,2026-07-02T11:28:00+08:00,breakeven_stop,8.0,133.266,direct,7308.0,7322.0,14.0,10.842737031616455,28.260953092184295,2026-07-02T11:20:00+08:00,0.49538315124523413,1.2857142857142858,True
pool,2026-07,ag2608.SHFE,SHORT,2026-07-06T13:46:00+08:00,2026-07-06T13:46:00+08:00,2026-07-06T13:52:00+08:00,breakeven_stop,6.0,22.1265,direct,15084.0,15105.0,21.0,20.221313701574825,49.32936964502695,2026-07-06T13:45:00+08:00,0.4257098793500816,1.3333333333333333,True
pool,2026-07,lc2609.GFEX,SHORT,2026-07-08T13:53:00+08:00,2026-07-08T13:53:00+08:00,2026-07-08T14:04:00+08:00,fixed_stop,11.0,-1509.9648000000002,direct,161240.0,161620.0,380.0,360.30327635066755,885.9712301652359,2026-07-08T13:50:00+08:00,0.42890783251407505,0.7894736842105263,True
pool,2026-07,PX609.CZCE,LONG,2026-07-14T11:11:00+08:00,2026-07-14T11:11:00+08:00,2026-07-14T11:21:00+08:00,breakeven_stop,10.0,123.98399999999998,direct,8192.0,8178.0,14.0,10.255952477403165,33.59719094220381,2026-07-14T11:10:00+08:00,0.4167015041252633,1.2857142857142858,True
pool,2026-07,PL609.CZCE,LONG,2026-07-14T14:26:00+08:00,2026-07-14T14:26:00+08:00,2026-07-14T14:31:00+08:00,breakeven_stop,5.0,119.0,direct,7568.0,7556.0,12.0,8.287204832591827,25.986301584266187,2026-07-14T14:25:00+08:00,0.46178175686476247,1.75,True
pool,2026-07,PL609.CZCE,LONG,2026-07-15T09:54:00+08:00,2026-07-15T09:54:00+08:00,2026-07-15T10:00:00+08:00,breakeven_stop,6.0,119.0,direct,7614.0,7602.0,12.0,8.766337883435117,24.044469231242143,2026-07-15T09:50:00+08:00,0.4990752710984287,1.3333333333333333,True
pool,2026-07,OI609.CZCE,LONG,2026-07-16T14:14:00+08:00,2026-07-16T14:14:00+08:00,2026-07-16T14:34:00+08:00,trailing_stop,20.0,4352.0,direct,10019.0,10010.0,9.0,6.076736452295457,15.155798779751704,2026-07-16T14:10:00+08:00,0.5938321121037902,4.555555555555555,True
pool,2026-07,ni2609.SHFE,SHORT,2026-07-17T13:59:00+08:00,2026-07-17T13:59:00+08:00,2026-07-17T14:03:00+08:00,fixed_stop,4.0,-1314.0,direct,128680.0,128810.0,130.0,125.82078980803115,335.5230534392905,2026-07-17T13:55:00+08:00,0.38745474764678783,0.07692307692307693,True
pool,2026-07,ag2610.SHFE,LONG,2026-07-21T11:29:00+08:00,2026-07-21T11:29:00+08:00,2026-07-21T13:31:00+08:00,trailing_stop,2.0,2147.2569000000003,direct,14135.0,14118.0,17.0,15.765690275997125,46.240395586587745,2026-07-21T11:25:00+08:00,0.3676439136029133,4.764705882352941,True
pool,2026-07,lc2609.GFEX,LONG,2026-07-27T14:06:00+08:00,2026-07-27T14:06:00+08:00,2026-07-27T14:15:00+08:00,fixed_stop,9.0,-1721.2800000000002,direct,146740.0,146400.0,340.0,315.7444333873772,676.7984320672226,2026-07-27T14:05:00+08:00,0.5023652300161205,0.8823529411764706,True
pool,2026-07,lc2609.GFEX,LONG,2026-07-28T09:32:00+08:00,2026-07-28T09:32:00+08:00,2026-07-28T09:33:00+08:00,fixed_stop,1.0,-1722.24,direct,147240.0,146900.0,340.0,332.89099801171005,703.8439387759909,2026-07-28T09:30:00+08:00,0.48306162953008,0.0,True
pool,2026-07,ag2610.SHFE,LONG,2026-07-30T09:25:00+08:00,2026-07-30T09:25:00+08:00,2026-07-30T09:37:00+08:00,trailing_stop,12.0,977.0616,direct,14365.0,14346.0,19.0,18.51341139001436,41.92090132873892,2026-07-30T09:25:00+08:00,0.45323452973981093,2.8421052631578947,True
pool,2026-08,PL611.CZCE,LONG,2026-08-11T11:21:00+08:00,2026-08-11T11:21:00+08:00,2026-08-11T11:23:00+08:00,fixed_stop,2.0,-1841.0,direct,7307.0,7295.0,12.0,5.738805194010303,16.453538605122993,2026-08-11T11:20:00+08:00,0.7293263952511507,0.0,True
pool,2026-08,lc2701.GFEX,LONG,2026-08-14T10:39:00+08:00,2026-08-14T10:39:00+08:00,2026-08-14T10:42:00+08:00,fixed_stop,3.0,-1736.3328,direct,154580.0,154240.0,340.0,305.9073586670462,705.2875007195761,2026-08-14T10:35:00+08:00,0.4820729130363318,0.4117647058823529,True
pool,2026-08,ag2610.SHFE,LONG,2026-08-21T13:52:00+08:00,2026-08-21T13:52:00+08:00,2026-08-21T13:55:00+08:00,fixed_stop,3.0,-620.4795,direct,16836.0,16818.0,18.0,17.58691462003438,47.96883560119419,2026-08-21T13:50:00+08:00,0.37524363004450095,0.5,True
pool,2026-08,ru2701.SHFE,LONG,2026-08-28T11:08:00+08:00,2026-08-28T11:08:00+08:00,2026-08-28T11:10:00+08:00,fixed_stop,2.0,-1515.0,direct,18955.0,18930.0,25.0,21.019168258319812,49.38203526430934,2026-08-28T11:05:00+08:00,0.5062569792069435,0.0,True
pool,2026-09,lc2701.GFEX,SHORT,2026-09-16T09:31:00+08:00,2026-09-16T09:31:00+08:00,2026-09-16T10:10:00+08:00,trailing_stop,39.0,7198.9056,direct,127400.0,127900.0,500.0,485.0023034682314,1000.3865873013659,2026-09-16T09:30:00+08:00,0.4998067810453113,6.76,True
pool,2026-09,lc2701.GFEX,LONG,2026-09-17T11:27:00+08:00,2026-09-17T11:27:00+08:00,2026-09-17T13:30:00+08:00,volume,3.0,2147.0976,direct,131320.0,130980.0,340.0,320.40252089776686,826.8596215701141,2026-09-17T11:25:00+08:00,0.4111943443971517,1.8823529411764706,True
pool,2026-09,PX611.CZCE,SHORT,2026-09-21T09:21:00+08:00,2026-09-21T09:21:00+08:00,2026-09-21T09:30:00+08:00,fixed_stop,9.0,-1743.7,direct,9100.0,9122.0,22.0,21.459934233578302,41.4873239255757,2026-09-21T09:20:00+08:00,0.5302824554185731,0.7272727272727273,True
dual,2026-07,PR609.CZCE,SHORT,2026-07-02T09:52:00+08:00,2026-07-02T09:52:00+08:00,2026-07-02T09:57:00+08:00,fixed_stop,5.0,-1718.76,pullback,6460.0,6472.0,12.0,9.159534541155615,24.40831609617875,2026-07-02T09:50:00+08:00,0.491635717626529,0.8333333333333334,True
dual,2026-07,PX609.CZCE,SHORT,2026-07-02T11:20:00+08:00,2026-07-02T11:20:00+08:00,2026-07-02T11:28:00+08:00,breakeven_stop,8.0,133.266,direct,7308.0,7322.0,14.0,10.842737031616455,28.260953092184295,2026-07-02T11:20:00+08:00,0.49538315124523413,1.2857142857142858,True
dual,2026-07,PX609.CZCE,SHORT,2026-07-02T13:37:00+08:00,2026-07-02T13:37:00+08:00,2026-07-02T13:40:00+08:00,breakeven_stop,3.0,133.41299999999998,pullback,7294.0,7308.0,14.0,12.027792224270351,26.26505610186913,2026-07-02T13:35:00+08:00,0.5330276069352733,1.8571428571428572,True
dual,2026-07,PL609.CZCE,LONG,2026-07-14T14:26:00+08:00,2026-07-14T14:26:00+08:00,2026-07-14T14:31:00+08:00,breakeven_stop,5.0,119.0,direct,7568.0,7556.0,12.0,8.287204832591827,25.986301584266187,2026-07-14T14:25:00+08:00,0.46178175686476247,1.75,True
dual,2026-07,ni2609.SHFE,SHORT,2026-07-17T13:59:00+08:00,2026-07-17T13:59:00+08:00,2026-07-17T14:03:00+08:00,fixed_stop,4.0,-1314.0,direct,128680.0,128810.0,130.0,125.82078980803115,335.5230534392905,2026-07-17T13:55:00+08:00,0.38745474764678783,0.07692307692307693,True
dual,2026-07,lc2609.GFEX,LONG,2026-07-27T14:06:00+08:00,2026-07-27T14:06:00+08:00,2026-07-27T14:15:00+08:00,fixed_stop,9.0,-1721.2800000000002,direct,146740.0,146400.0,340.0,315.7444333873772,676.7984320672226,2026-07-27T14:05:00+08:00,0.5023652300161205,0.8823529411764706,True
dual,2026-07,ag2610.SHFE,LONG,2026-07-30T09:25:00+08:00,2026-07-30T09:25:00+08:00,2026-07-30T09:37:00+08:00,trailing_stop,12.0,977.0616,direct,14365.0,14346.0,19.0,18.51341139001436,41.92090132873892,2026-07-30T09:25:00+08:00,0.45323452973981093,2.8421052631578947,True
dual,2026-09,lc2701.GFEX,SHORT,2026-09-16T09:31:00+08:00,2026-09-16T09:31:00+08:00,2026-09-16T10:10:00+08:00,trailing_stop,39.0,7198.9056,direct,127400.0,127900.0,500.0,485.0023034682314,1000.3865873013659,2026-09-16T09:30:00+08:00,0.4998067810453113,6.76,True
dual,2026-09,lc2701.GFEX,LONG,2026-09-17T11:27:00+08:00,2026-09-17T11:27:00+08:00,2026-09-17T13:30:00+08:00,volume,3.0,2147.0976,direct,131320.0,130980.0,340.0,320.40252089776686,826.8596215701141,2026-09-17T11:25:00+08:00,0.4111943443971517,1.8823529411764706,True
